CREATE TABLE "rapidlease$clausevariationlist" (
	"id" BIGINT NOT NULL,
	"clausereference" VARCHAR_IGNORECASE(200) NULL,
	"variationtype" VARCHAR_IGNORECASE(6) NULL,
	"clausedesc" VARCHAR_IGNORECASE(2147483647) NULL,
	PRIMARY KEY("id"));
INSERT INTO "mendixsystem$entity" ("id", 
"entity_name", 
"table_name", 
"remote", 
"remote_primary_key")
 VALUES ('e740b642-e818-49a8-970f-ba41ab4e479e', 
'RapidLease.ClauseVariationList', 
'rapidlease$clausevariationlist', 
false, 
false);
INSERT INTO "mendixsystem$attribute" ("id", 
"entity_id", 
"attribute_name", 
"column_name", 
"type", 
"length", 
"default_value", 
"is_auto_number")
 VALUES ('17034601-0c55-4966-8954-fd23e6fb44b1', 
'e740b642-e818-49a8-970f-ba41ab4e479e', 
'ClauseReference', 
'clausereference', 
30, 
200, 
'', 
false);
INSERT INTO "mendixsystem$attribute" ("id", 
"entity_id", 
"attribute_name", 
"column_name", 
"type", 
"length", 
"default_value", 
"is_auto_number")
 VALUES ('bd639fd2-567c-4a42-858d-975a2561f692', 
'e740b642-e818-49a8-970f-ba41ab4e479e', 
'variationType', 
'variationtype', 
40, 
6, 
'', 
false);
INSERT INTO "mendixsystem$attribute" ("id", 
"entity_id", 
"attribute_name", 
"column_name", 
"type", 
"length", 
"default_value", 
"is_auto_number")
 VALUES ('4564b9bb-b736-45f2-8471-5346579702f5', 
'e740b642-e818-49a8-970f-ba41ab4e479e', 
'ClauseDesc', 
'clausedesc', 
30, 
0, 
'', 
false);
CREATE TABLE "rapidlease$clausevariationlist_clauselisting" (
	"rapidlease$clausevariationlistid" BIGINT NOT NULL,
	"rapidlease$clauselistingid" BIGINT NOT NULL,
	PRIMARY KEY("rapidlease$clausevariationlistid","rapidlease$clauselistingid"),
	CONSTRAINT "uniq_rapidlease$clausevariationlist_clauselisting_rapidlease$clausevariationlistid" UNIQUE ("rapidlease$clausevariationlistid"));
CREATE INDEX "idx_rapidlease$clausevariationlist_clauselisting_rapidlease$clauselisting_rapidlease$clausevariationlist" ON "rapidlease$clausevariationlist_clauselisting" ("rapidlease$clauselistingid" ASC,"rapidlease$clausevariationlistid" ASC);
INSERT INTO "mendixsystem$association" ("id", 
"association_name", 
"table_name", 
"parent_entity_id", 
"child_entity_id", 
"parent_column_name", 
"child_column_name", 
"index_name")
 VALUES ('3ddbe61d-20c6-4271-9ccb-3bb81b7665b7', 
'RapidLease.ClauseVariationList_ClauseListing', 
'rapidlease$clausevariationlist_clauselisting', 
'e740b642-e818-49a8-970f-ba41ab4e479e', 
'9a367a56-cc70-4b5d-85f7-f6c8ecd3421f', 
'rapidlease$clausevariationlistid', 
'rapidlease$clauselistingid', 
'idx_rapidlease$clausevariationlist_clauselisting_rapidlease$clauselisting_rapidlease$clausevariationlist');
INSERT INTO "mendixsystem$unique_constraint" ("name", 
"table_id", 
"column_id")
 VALUES ('uniq_rapidlease$clausevariationlist_clauselisting_rapidlease$clausevariationlistid', 
'3ddbe61d-20c6-4271-9ccb-3bb81b7665b7', 
'23c271fd-4513-3267-bf5b-61d6d2532f2e');
CREATE TABLE "rapidlease$clausevariationlist_clausetemplate" (
	"rapidlease$clausevariationlistid" BIGINT NOT NULL,
	"rapidlease$clausetemplateid" BIGINT NOT NULL,
	PRIMARY KEY("rapidlease$clausevariationlistid","rapidlease$clausetemplateid"),
	CONSTRAINT "uniq_rapidlease$clausevariationlist_clausetemplate_rapidlease$clausevariationlistid" UNIQUE ("rapidlease$clausevariationlistid"));
CREATE INDEX "idx_rapidlease$clausevariationlist_clausetemplate_rapidlease$clausetemplate_rapidlease$clausevariationlist" ON "rapidlease$clausevariationlist_clausetemplate" ("rapidlease$clausetemplateid" ASC,"rapidlease$clausevariationlistid" ASC);
INSERT INTO "mendixsystem$association" ("id", 
"association_name", 
"table_name", 
"parent_entity_id", 
"child_entity_id", 
"parent_column_name", 
"child_column_name", 
"index_name")
 VALUES ('3bd6c267-7411-4f2f-a530-ad80e95db7e9', 
'RapidLease.ClauseVariationList_ClauseTemplate', 
'rapidlease$clausevariationlist_clausetemplate', 
'e740b642-e818-49a8-970f-ba41ab4e479e', 
'4e036dfc-2809-4f59-95d8-81a885495385', 
'rapidlease$clausevariationlistid', 
'rapidlease$clausetemplateid', 
'idx_rapidlease$clausevariationlist_clausetemplate_rapidlease$clausetemplate_rapidlease$clausevariationlist');
INSERT INTO "mendixsystem$unique_constraint" ("name", 
"table_id", 
"column_id")
 VALUES ('uniq_rapidlease$clausevariationlist_clausetemplate_rapidlease$clausevariationlistid', 
'3bd6c267-7411-4f2f-a530-ad80e95db7e9', 
'a5986fc8-ff65-37c1-a243-a48f52d32e08');
CREATE TABLE "rapidlease$clausevariationlist_clausevariation" (
	"rapidlease$clausevariationlistid" BIGINT NOT NULL,
	"rapidlease$clausevariationid" BIGINT NOT NULL,
	PRIMARY KEY("rapidlease$clausevariationlistid","rapidlease$clausevariationid"),
	CONSTRAINT "uniq_rapidlease$clausevariationlist_clausevariation_rapidlease$clausevariationlistid" UNIQUE ("rapidlease$clausevariationlistid"));
CREATE INDEX "idx_rapidlease$clausevariationlist_clausevariation_rapidlease$clausevariation_rapidlease$clausevariationlist" ON "rapidlease$clausevariationlist_clausevariation" ("rapidlease$clausevariationid" ASC,"rapidlease$clausevariationlistid" ASC);
INSERT INTO "mendixsystem$association" ("id", 
"association_name", 
"table_name", 
"parent_entity_id", 
"child_entity_id", 
"parent_column_name", 
"child_column_name", 
"index_name")
 VALUES ('706784d4-dfb5-43f1-85a9-55d647178970', 
'RapidLease.ClauseVariationList_ClauseVariation', 
'rapidlease$clausevariationlist_clausevariation', 
'e740b642-e818-49a8-970f-ba41ab4e479e', 
'd4175980-469b-4ecd-bf96-89ded66d764e', 
'rapidlease$clausevariationlistid', 
'rapidlease$clausevariationid', 
'idx_rapidlease$clausevariationlist_clausevariation_rapidlease$clausevariation_rapidlease$clausevariationlist');
INSERT INTO "mendixsystem$unique_constraint" ("name", 
"table_id", 
"column_id")
 VALUES ('uniq_rapidlease$clausevariationlist_clausevariation_rapidlease$clausevariationlistid', 
'706784d4-dfb5-43f1-85a9-55d647178970', 
'1b2bcf2b-afc5-3d94-9ef0-eda2cb64209b');
CREATE TABLE "assets_and_maintenance$checklistconfig" (
	"id" BIGINT NOT NULL,
	"objecttype" VARCHAR_IGNORECASE(17) NULL,
	"totalweightage" DECIMAL(28, 8) NULL,
	"checklisttype" VARCHAR_IGNORECASE(18) NULL,
	"benchmarkscore" DECIMAL(28, 8) NULL,
	"name" VARCHAR_IGNORECASE(500) NULL,
	PRIMARY KEY("id"));
INSERT INTO "mendixsystem$entity" ("id", 
"entity_name", 
"table_name", 
"remote", 
"remote_primary_key")
 VALUES ('d18c24ba-d788-4ca4-97e6-4b9e56895196', 
'Assets_and_Maintenance.ChecklistConfig', 
'assets_and_maintenance$checklistconfig', 
false, 
false);
INSERT INTO "mendixsystem$attribute" ("id", 
"entity_id", 
"attribute_name", 
"column_name", 
"type", 
"length", 
"default_value", 
"is_auto_number")
 VALUES ('92cb2147-3dc9-424e-939a-17eeb33c1198', 
'd18c24ba-d788-4ca4-97e6-4b9e56895196', 
'ObjectType', 
'objecttype', 
40, 
17, 
'', 
false);
INSERT INTO "mendixsystem$attribute" ("id", 
"entity_id", 
"attribute_name", 
"column_name", 
"type", 
"length", 
"default_value", 
"is_auto_number")
 VALUES ('7895b304-261d-40de-b6bb-fecc5ece45eb', 
'd18c24ba-d788-4ca4-97e6-4b9e56895196', 
'TotalWeightage', 
'totalweightage', 
5, 
0, 
'0', 
false);
INSERT INTO "mendixsystem$attribute" ("id", 
"entity_id", 
"attribute_name", 
"column_name", 
"type", 
"length", 
"default_value", 
"is_auto_number")
 VALUES ('c39dd4c9-e25a-4e2a-8a0c-26633d109d02', 
'd18c24ba-d788-4ca4-97e6-4b9e56895196', 
'ChecklistType', 
'checklisttype', 
40, 
18, 
'Checklist_Group', 
false);
INSERT INTO "mendixsystem$attribute" ("id", 
"entity_id", 
"attribute_name", 
"column_name", 
"type", 
"length", 
"default_value", 
"is_auto_number")
 VALUES ('c1111178-50c8-4fe2-9e56-518a2d101d6a', 
'd18c24ba-d788-4ca4-97e6-4b9e56895196', 
'BenchmarkScore', 
'benchmarkscore', 
5, 
0, 
'0', 
false);
INSERT INTO "mendixsystem$attribute" ("id", 
"entity_id", 
"attribute_name", 
"column_name", 
"type", 
"length", 
"default_value", 
"is_auto_number")
 VALUES ('10fcfd1d-4d6a-4b3c-9a41-a8b92673c97b', 
'd18c24ba-d788-4ca4-97e6-4b9e56895196', 
'Name', 
'name', 
30, 
500, 
'', 
false);
CREATE TABLE "assets_and_maintenance$checklistitemconfig" (
	"id" BIGINT NOT NULL,
	"description" VARCHAR_IGNORECASE(1000) NULL,
	"ismandatory" BOOLEAN NULL,
	"tempstepno" INT NULL,
	"expectedresponse" VARCHAR_IGNORECASE(21) NULL,
	"stepno" INT NULL,
	PRIMARY KEY("id"));
INSERT INTO "mendixsystem$entity" ("id", 
"entity_name", 
"table_name", 
"remote", 
"remote_primary_key")
 VALUES ('879ca7ce-3631-4c40-b65f-d6548f5d3af7', 
'Assets_and_Maintenance.ChecklistItemConfig', 
'assets_and_maintenance$checklistitemconfig', 
false, 
false);
INSERT INTO "mendixsystem$attribute" ("id", 
"entity_id", 
"attribute_name", 
"column_name", 
"type", 
"length", 
"default_value", 
"is_auto_number")
 VALUES ('eb15b0f7-13f7-49f5-991a-da6b540ba19c', 
'879ca7ce-3631-4c40-b65f-d6548f5d3af7', 
'Description', 
'description', 
30, 
1000, 
'', 
false);
INSERT INTO "mendixsystem$attribute" ("id", 
"entity_id", 
"attribute_name", 
"column_name", 
"type", 
"length", 
"default_value", 
"is_auto_number")
 VALUES ('6de0bacd-38a0-42b6-935a-dd5da20cc8af', 
'879ca7ce-3631-4c40-b65f-d6548f5d3af7', 
'IsMandatory', 
'ismandatory', 
10, 
0, 
'false', 
false);
INSERT INTO "mendixsystem$attribute" ("id", 
"entity_id", 
"attribute_name", 
"column_name", 
"type", 
"length", 
"default_value", 
"is_auto_number")
 VALUES ('b7a84c70-502d-4584-afe4-daa7fba5a904', 
'879ca7ce-3631-4c40-b65f-d6548f5d3af7', 
'TempStepNo', 
'tempstepno', 
3, 
0, 
'0', 
false);
INSERT INTO "mendixsystem$attribute" ("id", 
"entity_id", 
"attribute_name", 
"column_name", 
"type", 
"length", 
"default_value", 
"is_auto_number")
 VALUES ('015528c6-196f-4e06-b321-978d74b82bbd', 
'879ca7ce-3631-4c40-b65f-d6548f5d3af7', 
'ExpectedResponse', 
'expectedresponse', 
40, 
21, 
'', 
false);
INSERT INTO "mendixsystem$attribute" ("id", 
"entity_id", 
"attribute_name", 
"column_name", 
"type", 
"length", 
"default_value", 
"is_auto_number")
 VALUES ('b06dca1c-ecb1-4fc1-8f76-9c822c887ddc', 
'879ca7ce-3631-4c40-b65f-d6548f5d3af7', 
'StepNo', 
'stepno', 
3, 
0, 
'0', 
false);
CREATE TABLE "assets_and_maintenance$checklistitemconfig_checklistconfig" (
	"assets_and_maintenance$checklistitemconfigid" BIGINT NOT NULL,
	"assets_and_maintenance$checklistconfigid" BIGINT NOT NULL,
	PRIMARY KEY("assets_and_maintenance$checklistitemconfigid","assets_and_maintenance$checklistconfigid"),
	CONSTRAINT "uniq_assets_and_maintenance$checklistitemconfig_checklistconfig_assets_and_maintenance$checklistitemconfigid" UNIQUE ("assets_and_maintenance$checklistitemconfigid"));
CREATE INDEX "idx_assets_and_maintenance$checklistitemconfig_checklistconfig" ON "assets_and_maintenance$checklistitemconfig_checklistconfig" ("assets_and_maintenance$checklistconfigid" ASC,"assets_and_maintenance$checklistitemconfigid" ASC);
INSERT INTO "mendixsystem$association" ("id", 
"association_name", 
"table_name", 
"parent_entity_id", 
"child_entity_id", 
"parent_column_name", 
"child_column_name", 
"index_name")
 VALUES ('43c98568-5ddf-438d-a5af-249f1bfe2e35', 
'Assets_and_Maintenance.ChecklistItemConfig_ChecklistConfig', 
'assets_and_maintenance$checklistitemconfig_checklistconfig', 
'879ca7ce-3631-4c40-b65f-d6548f5d3af7', 
'd18c24ba-d788-4ca4-97e6-4b9e56895196', 
'assets_and_maintenance$checklistitemconfigid', 
'assets_and_maintenance$checklistconfigid', 
'idx_assets_and_maintenance$checklistitemconfig_checklistconfig');
INSERT INTO "mendixsystem$unique_constraint" ("name", 
"table_id", 
"column_id")
 VALUES ('uniq_assets_and_maintenance$checklistitemconfig_checklistconfig_assets_and_maintenance$checklistitemconfigid', 
'43c98568-5ddf-438d-a5af-249f1bfe2e35', 
'babdb2b0-9d85-3496-9977-333d6df76db0');
CREATE TABLE "rapidlease$clausevariation" (
	"id" BIGINT NOT NULL,
	"status" VARCHAR_IGNORECASE(15) NULL,
	"pcvrefno" VARCHAR_IGNORECASE(200) NULL,
	"cvrefno" VARCHAR_IGNORECASE(200) NULL,
	PRIMARY KEY("id"));
INSERT INTO "mendixsystem$entity" ("id", 
"entity_name", 
"table_name", 
"remote", 
"remote_primary_key")
 VALUES ('d4175980-469b-4ecd-bf96-89ded66d764e', 
'RapidLease.ClauseVariation', 
'rapidlease$clausevariation', 
false, 
false);
INSERT INTO "mendixsystem$attribute" ("id", 
"entity_id", 
"attribute_name", 
"column_name", 
"type", 
"length", 
"default_value", 
"is_auto_number")
 VALUES ('1290822e-4f72-4a52-9cc2-5deb61754e53', 
'd4175980-469b-4ecd-bf96-89ded66d764e', 
'Status', 
'status', 
40, 
15, 
'', 
false);
INSERT INTO "mendixsystem$attribute" ("id", 
"entity_id", 
"attribute_name", 
"column_name", 
"type", 
"length", 
"default_value", 
"is_auto_number")
 VALUES ('a1026ac1-df2a-41bb-9cf4-50914dc1f8c8', 
'd4175980-469b-4ecd-bf96-89ded66d764e', 
'PCVRefNo', 
'pcvrefno', 
30, 
200, 
'', 
false);
INSERT INTO "mendixsystem$attribute" ("id", 
"entity_id", 
"attribute_name", 
"column_name", 
"type", 
"length", 
"default_value", 
"is_auto_number")
 VALUES ('70d03798-3944-43df-89e5-4405d2e2f1cb', 
'd4175980-469b-4ecd-bf96-89ded66d764e', 
'CVRefNo', 
'cvrefno', 
30, 
200, 
'', 
false);
UPDATE "mendixsystem$version"
 SET "versionnumber" = '4.2', 
"lastsyncdate" = '20211119 12:04:44';
