ALTER TABLE "financials$rent_rentroll" ADD "duedate" INT NULL;
UPDATE "financials$rent_rentroll"
 SET "duedate" = 0;
INSERT INTO "mendixsystem$attribute" ("id", 
"entity_id", 
"attribute_name", 
"column_name", 
"type", 
"length", 
"default_value", 
"is_auto_number")
 VALUES ('b565e4ec-f0c2-44be-956d-84d418f1d0a4', 
'a54ef075-3673-465c-b8fc-f145c15d8bf9', 
'DueDate', 
'duedate', 
3, 
0, 
'0', 
false);
CREATE TABLE "financials$latefee" (
	"id" BIGINT NOT NULL,
	"fee_type" VARCHAR_IGNORECASE(22) NULL,
	"account" VARCHAR_IGNORECASE(31) NULL,
	"isemail" BOOLEAN NULL,
	"percent" INT NULL,
	"islimit" BOOLEAN NULL,
	"amount" DECIMAL(28, 8) NULL,
	"frequency" VARCHAR_IGNORECASE(8) NULL,
	"apply_late_fees_for_balances_over_a_certain_amount" BOOLEAN NULL,
	"graceperiod" INT NULL,
	"isautomatic_fee" BOOLEAN NULL,
	"isrule" BOOLEAN NULL,
	"set_maximum_monthly_charge_per_month" BOOLEAN NULL,
	PRIMARY KEY("id"));
INSERT INTO "mendixsystem$entity" ("id", 
"entity_name", 
"table_name", 
"remote", 
"remote_primary_key")
 VALUES ('412524b1-1bb3-460d-bd2c-ba6c315520ea', 
'Financials.LateFee', 
'financials$latefee', 
false, 
false);
INSERT INTO "mendixsystem$attribute" ("id", 
"entity_id", 
"attribute_name", 
"column_name", 
"type", 
"length", 
"default_value", 
"is_auto_number")
 VALUES ('5fe7656e-95bf-4ae7-afed-778b67877403', 
'412524b1-1bb3-460d-bd2c-ba6c315520ea', 
'Fee_Type', 
'fee_type', 
40, 
22, 
'Fixed', 
false);
INSERT INTO "mendixsystem$attribute" ("id", 
"entity_id", 
"attribute_name", 
"column_name", 
"type", 
"length", 
"default_value", 
"is_auto_number")
 VALUES ('4c6d751d-8a66-44b8-89b4-dd9e3e2b2c34', 
'412524b1-1bb3-460d-bd2c-ba6c315520ea', 
'Account', 
'account', 
40, 
31, 
'All_current_and_future_accounts', 
false);
INSERT INTO "mendixsystem$attribute" ("id", 
"entity_id", 
"attribute_name", 
"column_name", 
"type", 
"length", 
"default_value", 
"is_auto_number")
 VALUES ('df01bb88-d641-41cc-90c0-eaeafb52ae3a', 
'412524b1-1bb3-460d-bd2c-ba6c315520ea', 
'IsEmail', 
'isemail', 
10, 
0, 
'false', 
false);
INSERT INTO "mendixsystem$attribute" ("id", 
"entity_id", 
"attribute_name", 
"column_name", 
"type", 
"length", 
"default_value", 
"is_auto_number")
 VALUES ('191144c0-33c5-46ec-8928-a04e78c9fb19', 
'412524b1-1bb3-460d-bd2c-ba6c315520ea', 
'Percent', 
'percent', 
3, 
0, 
'0', 
false);
INSERT INTO "mendixsystem$attribute" ("id", 
"entity_id", 
"attribute_name", 
"column_name", 
"type", 
"length", 
"default_value", 
"is_auto_number")
 VALUES ('a0a40601-7acb-4ed6-90d2-890e36f05dae', 
'412524b1-1bb3-460d-bd2c-ba6c315520ea', 
'IsLimit', 
'islimit', 
10, 
0, 
'false', 
false);
INSERT INTO "mendixsystem$attribute" ("id", 
"entity_id", 
"attribute_name", 
"column_name", 
"type", 
"length", 
"default_value", 
"is_auto_number")
 VALUES ('2e8aaa33-14f7-4baa-8f9b-7034792df063', 
'412524b1-1bb3-460d-bd2c-ba6c315520ea', 
'Amount', 
'amount', 
5, 
0, 
'0', 
false);
INSERT INTO "mendixsystem$attribute" ("id", 
"entity_id", 
"attribute_name", 
"column_name", 
"type", 
"length", 
"default_value", 
"is_auto_number")
 VALUES ('ff92a993-c4d1-46e6-8ba9-cccfe6780f66', 
'412524b1-1bb3-460d-bd2c-ba6c315520ea', 
'Frequency', 
'frequency', 
40, 
8, 
'One_Time', 
false);
INSERT INTO "mendixsystem$attribute" ("id", 
"entity_id", 
"attribute_name", 
"column_name", 
"type", 
"length", 
"default_value", 
"is_auto_number")
 VALUES ('7261bafc-bde0-4c23-9c7d-e3d2baca10e8', 
'412524b1-1bb3-460d-bd2c-ba6c315520ea', 
'Apply_late_fees_for_balances_over_a_certain_amount', 
'apply_late_fees_for_balances_over_a_certain_amount', 
10, 
0, 
'false', 
false);
INSERT INTO "mendixsystem$attribute" ("id", 
"entity_id", 
"attribute_name", 
"column_name", 
"type", 
"length", 
"default_value", 
"is_auto_number")
 VALUES ('d5a67ba0-5c4b-4328-b432-270b088ecd39', 
'412524b1-1bb3-460d-bd2c-ba6c315520ea', 
'GracePeriod', 
'graceperiod', 
3, 
0, 
'0', 
false);
INSERT INTO "mendixsystem$attribute" ("id", 
"entity_id", 
"attribute_name", 
"column_name", 
"type", 
"length", 
"default_value", 
"is_auto_number")
 VALUES ('169ebe33-2a88-496a-88f8-0ced294fc1f9', 
'412524b1-1bb3-460d-bd2c-ba6c315520ea', 
'IsAutomatic_Fee', 
'isautomatic_fee', 
10, 
0, 
'false', 
false);
INSERT INTO "mendixsystem$attribute" ("id", 
"entity_id", 
"attribute_name", 
"column_name", 
"type", 
"length", 
"default_value", 
"is_auto_number")
 VALUES ('8f14e11e-326a-4f1a-bde5-9c61c25af9b7', 
'412524b1-1bb3-460d-bd2c-ba6c315520ea', 
'Isrule', 
'isrule', 
10, 
0, 
'false', 
false);
INSERT INTO "mendixsystem$attribute" ("id", 
"entity_id", 
"attribute_name", 
"column_name", 
"type", 
"length", 
"default_value", 
"is_auto_number")
 VALUES ('5d2abc70-d5ce-4d4f-9a92-f735ec5335ad', 
'412524b1-1bb3-460d-bd2c-ba6c315520ea', 
'Set_maximum_monthly_charge_per_month', 
'set_maximum_monthly_charge_per_month', 
10, 
0, 
'false', 
false);
CREATE TABLE "financials$latefee_glaccount" (
	"financials$latefeeid" BIGINT NOT NULL,
	"financials$glaccountid" BIGINT NOT NULL,
	PRIMARY KEY("financials$latefeeid","financials$glaccountid"),
	CONSTRAINT "uniq_financials$latefee_glaccount_financials$latefeeid" UNIQUE ("financials$latefeeid"));
CREATE INDEX "idx_financials$latefee_glaccount_financials$glaccount_financials$latefee" ON "financials$latefee_glaccount" ("financials$glaccountid" ASC,"financials$latefeeid" ASC);
INSERT INTO "mendixsystem$association" ("id", 
"association_name", 
"table_name", 
"parent_entity_id", 
"child_entity_id", 
"parent_column_name", 
"child_column_name", 
"index_name")
 VALUES ('8c096ec7-cd53-433b-b5db-6b3d5fada998', 
'Financials.LateFee_GLAccount', 
'financials$latefee_glaccount', 
'412524b1-1bb3-460d-bd2c-ba6c315520ea', 
'77c75c72-e1de-4d84-aa56-44bc842fe1e7', 
'financials$latefeeid', 
'financials$glaccountid', 
'idx_financials$latefee_glaccount_financials$glaccount_financials$latefee');
INSERT INTO "mendixsystem$unique_constraint" ("name", 
"table_id", 
"column_id")
 VALUES ('uniq_financials$latefee_glaccount_financials$latefeeid', 
'8c096ec7-cd53-433b-b5db-6b3d5fada998', 
'4ac37852-711c-3429-a335-bd427804b0b9');
CREATE TABLE "financials$latefee_lease" (
	"financials$latefeeid" BIGINT NOT NULL,
	"rapidlease$leaseid" BIGINT NOT NULL,
	PRIMARY KEY("financials$latefeeid","rapidlease$leaseid"),
	CONSTRAINT "uniq_financials$latefee_lease_rapidlease$leaseid" UNIQUE ("rapidlease$leaseid"),
	CONSTRAINT "uniq_financials$latefee_lease_financials$latefeeid" UNIQUE ("financials$latefeeid"));
CREATE INDEX "idx_financials$latefee_lease_rapidlease$lease_financials$latefee" ON "financials$latefee_lease" ("rapidlease$leaseid" ASC,"financials$latefeeid" ASC);
INSERT INTO "mendixsystem$association" ("id", 
"association_name", 
"table_name", 
"parent_entity_id", 
"child_entity_id", 
"parent_column_name", 
"child_column_name", 
"index_name")
 VALUES ('2c991ad9-ddb7-4eed-93fa-6f72186999f1', 
'Financials.LateFee_Lease', 
'financials$latefee_lease', 
'412524b1-1bb3-460d-bd2c-ba6c315520ea', 
'1ae41165-e98d-41a4-a817-96e5e8b16546', 
'financials$latefeeid', 
'rapidlease$leaseid', 
'idx_financials$latefee_lease_rapidlease$lease_financials$latefee');
INSERT INTO "mendixsystem$unique_constraint" ("name", 
"table_id", 
"column_id")
 VALUES ('uniq_financials$latefee_lease_rapidlease$leaseid', 
'2c991ad9-ddb7-4eed-93fa-6f72186999f1', 
'516b6d43-3fc0-3015-9ee8-13010b235598');
INSERT INTO "mendixsystem$unique_constraint" ("name", 
"table_id", 
"column_id")
 VALUES ('uniq_financials$latefee_lease_financials$latefeeid', 
'2c991ad9-ddb7-4eed-93fa-6f72186999f1', 
'c8724db6-0cd6-36d6-a9a8-83ea627de9ed');
CREATE TABLE "rapidlease$ownership" (
	"id" BIGINT NOT NULL,
	"shareamount" DECIMAL(28, 8) NULL,
	"tenant_count" INT NULL,
	"tenantname" VARCHAR_IGNORECASE(200) NULL,
	"share" DECIMAL(28, 8) NULL,
	PRIMARY KEY("id"));
INSERT INTO "mendixsystem$entity" ("id", 
"entity_name", 
"table_name", 
"remote", 
"remote_primary_key")
 VALUES ('d909ca68-fd6d-4b61-babd-5a46b454c183', 
'RapidLease.Ownership', 
'rapidlease$ownership', 
false, 
false);
INSERT INTO "mendixsystem$attribute" ("id", 
"entity_id", 
"attribute_name", 
"column_name", 
"type", 
"length", 
"default_value", 
"is_auto_number")
 VALUES ('0f52f601-df1f-4e16-847c-0b02c85e8dba', 
'd909ca68-fd6d-4b61-babd-5a46b454c183', 
'ShareAmount', 
'shareamount', 
5, 
0, 
'0', 
false);
INSERT INTO "mendixsystem$attribute" ("id", 
"entity_id", 
"attribute_name", 
"column_name", 
"type", 
"length", 
"default_value", 
"is_auto_number")
 VALUES ('f3fdbc35-8a69-45f7-9f34-f7dd2eb341bd', 
'd909ca68-fd6d-4b61-babd-5a46b454c183', 
'Tenant_count', 
'tenant_count', 
3, 
0, 
'0', 
false);
INSERT INTO "mendixsystem$attribute" ("id", 
"entity_id", 
"attribute_name", 
"column_name", 
"type", 
"length", 
"default_value", 
"is_auto_number")
 VALUES ('30a4aaa4-cdba-48de-9d70-ba34b93a3ddc', 
'd909ca68-fd6d-4b61-babd-5a46b454c183', 
'TenantName', 
'tenantname', 
30, 
200, 
'', 
false);
INSERT INTO "mendixsystem$attribute" ("id", 
"entity_id", 
"attribute_name", 
"column_name", 
"type", 
"length", 
"default_value", 
"is_auto_number")
 VALUES ('7d98ed51-dd01-44a0-8e6a-068f32702b7b', 
'd909ca68-fd6d-4b61-babd-5a46b454c183', 
'Share', 
'share', 
5, 
0, 
'0', 
false);
CREATE TABLE "rapidlease$ownership_lease" (
	"rapidlease$ownershipid" BIGINT NOT NULL,
	"rapidlease$leaseid" BIGINT NOT NULL,
	PRIMARY KEY("rapidlease$ownershipid","rapidlease$leaseid"),
	CONSTRAINT "uniq_rapidlease$ownership_lease_rapidlease$ownershipid" UNIQUE ("rapidlease$ownershipid"));
CREATE INDEX "idx_rapidlease$ownership_lease_rapidlease$lease_rapidlease$ownership" ON "rapidlease$ownership_lease" ("rapidlease$leaseid" ASC,"rapidlease$ownershipid" ASC);
INSERT INTO "mendixsystem$association" ("id", 
"association_name", 
"table_name", 
"parent_entity_id", 
"child_entity_id", 
"parent_column_name", 
"child_column_name", 
"index_name")
 VALUES ('6dd68005-7c1a-47e6-a236-271bb71d3c52', 
'RapidLease.Ownership_Lease', 
'rapidlease$ownership_lease', 
'd909ca68-fd6d-4b61-babd-5a46b454c183', 
'1ae41165-e98d-41a4-a817-96e5e8b16546', 
'rapidlease$ownershipid', 
'rapidlease$leaseid', 
'idx_rapidlease$ownership_lease_rapidlease$lease_rapidlease$ownership');
INSERT INTO "mendixsystem$unique_constraint" ("name", 
"table_id", 
"column_id")
 VALUES ('uniq_rapidlease$ownership_lease_rapidlease$ownershipid', 
'6dd68005-7c1a-47e6-a236-271bb71d3c52', 
'627bca6d-451b-3d1b-9184-aae6420c6566');
CREATE TABLE "rapidlease$ownership_tenant" (
	"rapidlease$ownershipid" BIGINT NOT NULL,
	"rapidlease$tenantid" BIGINT NOT NULL,
	PRIMARY KEY("rapidlease$ownershipid","rapidlease$tenantid"),
	CONSTRAINT "uniq_rapidlease$ownership_tenant_rapidlease$ownershipid" UNIQUE ("rapidlease$ownershipid"));
CREATE INDEX "idx_rapidlease$ownership_tenant_rapidlease$tenant_rapidlease$ownership" ON "rapidlease$ownership_tenant" ("rapidlease$tenantid" ASC,"rapidlease$ownershipid" ASC);
INSERT INTO "mendixsystem$association" ("id", 
"association_name", 
"table_name", 
"parent_entity_id", 
"child_entity_id", 
"parent_column_name", 
"child_column_name", 
"index_name")
 VALUES ('f3c61635-1737-465e-843a-014945b9b282', 
'RapidLease.Ownership_Tenant', 
'rapidlease$ownership_tenant', 
'd909ca68-fd6d-4b61-babd-5a46b454c183', 
'87efd93c-ed75-4353-9b4d-4f9b9d5fe230', 
'rapidlease$ownershipid', 
'rapidlease$tenantid', 
'idx_rapidlease$ownership_tenant_rapidlease$tenant_rapidlease$ownership');
INSERT INTO "mendixsystem$unique_constraint" ("name", 
"table_id", 
"column_id")
 VALUES ('uniq_rapidlease$ownership_tenant_rapidlease$ownershipid', 
'f3c61635-1737-465e-843a-014945b9b282', 
'712a57e7-c34d-3cba-a08b-781652d8af00');
CREATE TABLE "rapidlease$task_agents" (
	"rapidlease$taskid" BIGINT NOT NULL,
	"rapidlease$agentsid" BIGINT NOT NULL,
	PRIMARY KEY("rapidlease$taskid","rapidlease$agentsid"),
	CONSTRAINT "uniq_rapidlease$task_agents_rapidlease$taskid" UNIQUE ("rapidlease$taskid"));
CREATE INDEX "idx_rapidlease$task_agents_rapidlease$agents_rapidlease$task" ON "rapidlease$task_agents" ("rapidlease$agentsid" ASC,"rapidlease$taskid" ASC);
INSERT INTO "mendixsystem$association" ("id", 
"association_name", 
"table_name", 
"parent_entity_id", 
"child_entity_id", 
"parent_column_name", 
"child_column_name", 
"index_name")
 VALUES ('5f41e0dd-ec6b-4f30-a785-6a6090672fd6', 
'RapidLease.Task_Agents', 
'rapidlease$task_agents', 
'c58e02b6-620e-4b80-b55c-a7e0fd72f0b8', 
'6b3cb246-ee49-4d6a-8044-e75ae9a66fb9', 
'rapidlease$taskid', 
'rapidlease$agentsid', 
'idx_rapidlease$task_agents_rapidlease$agents_rapidlease$task');
INSERT INTO "mendixsystem$unique_constraint" ("name", 
"table_id", 
"column_id")
 VALUES ('uniq_rapidlease$task_agents_rapidlease$taskid', 
'5f41e0dd-ec6b-4f30-a785-6a6090672fd6', 
'2f1261b5-ecc1-325c-a0f1-2058a095a4d0');
UPDATE "mendixsystem$version"
 SET "versionnumber" = '4.2', 
"lastsyncdate" = '20211122 09:42:53';
