ALTER TABLE "rapidlease$workorder_typeofwork" DROP CONSTRAINT "uniq_rapidlease$workorder_typeofwork_rapidlease$workorderid";
DROP INDEX "idx_rapidlease$workorder_typeofwork_assets_and_maintenance$typeofwork_rapidlease$workorder";
ALTER TABLE "rapidlease$workorder_typeofwork" RENAME TO "7dc1fc01720b4212b8b9c53dfc3a491e";
ALTER TABLE "rapidcommunication$messages" DROP COLUMN "to";
DELETE FROM "mendixsystem$attribute" 
 WHERE "id" = '3e4a2dbd-43ed-4676-8625-ae6995b6d71f';
ALTER TABLE "rapidlease$lease" ADD "bydate" BOOLEAN NULL;
UPDATE "rapidlease$lease"
 SET "bydate" = true;
INSERT INTO "mendixsystem$attribute" ("id", 
"entity_id", 
"attribute_name", 
"column_name", 
"type", 
"length", 
"default_value", 
"is_auto_number")
 VALUES ('72283d9b-758a-499e-a08e-a45d0b62dc5d', 
'1ae41165-e98d-41a4-a817-96e5e8b16546', 
'ByDate', 
'bydate', 
10, 
0, 
'true', 
false);
DELETE FROM "mendixsystem$association" 
 WHERE "id" = '5d9fb41b-82b2-4537-a679-a501617af5a8';
DELETE FROM "mendixsystem$unique_constraint" 
 WHERE "name" = 'uniq_rapidlease$workorder_typeofwork_rapidlease$workorderid' AND "column_id" = '46f013c8-9d9b-362e-b197-a31881879a66';
ALTER TABLE "emailtemplate$emailtemplate" ADD "automatedmailings" BOOLEAN NULL;
UPDATE "emailtemplate$emailtemplate"
 SET "automatedmailings" = false;
INSERT INTO "mendixsystem$attribute" ("id", 
"entity_id", 
"attribute_name", 
"column_name", 
"type", 
"length", 
"default_value", 
"is_auto_number")
 VALUES ('bdff2033-4db4-4dfa-8369-1880b35c9905', 
'5a3d7574-4f4a-4bd0-b64c-12ef0cfe3f96', 
'AutomatedMailings', 
'automatedmailings', 
10, 
0, 
'false', 
false);
ALTER TABLE "rapidlease$task" ADD "isedit_quotations" BOOLEAN NULL;
UPDATE "rapidlease$task"
 SET "isedit_quotations" = false;
INSERT INTO "mendixsystem$attribute" ("id", 
"entity_id", 
"attribute_name", 
"column_name", 
"type", 
"length", 
"default_value", 
"is_auto_number")
 VALUES ('abe398a6-2814-4e34-a49a-ee7a49001983', 
'c58e02b6-620e-4b80-b55c-a7e0fd72f0b8', 
'IsEdit_Quotations', 
'isedit_quotations', 
10, 
0, 
'false', 
false);
ALTER TABLE "assets_and_maintenance$quotations" ADD "store" VARCHAR_IGNORECASE(12) NULL;
ALTER TABLE "assets_and_maintenance$quotations" ADD "inventory" VARCHAR_IGNORECASE(14) NULL;
INSERT INTO "mendixsystem$attribute" ("id", 
"entity_id", 
"attribute_name", 
"column_name", 
"type", 
"length", 
"default_value", 
"is_auto_number")
 VALUES ('72f402b3-0155-4d47-9392-2b0937c60ccc', 
'eca680ff-8c87-49d1-958a-650b8f7d2c71', 
'Store', 
'store', 
40, 
12, 
'', 
false);
INSERT INTO "mendixsystem$attribute" ("id", 
"entity_id", 
"attribute_name", 
"column_name", 
"type", 
"length", 
"default_value", 
"is_auto_number")
 VALUES ('616f070b-8667-4b49-922e-d56d1449ab19', 
'eca680ff-8c87-49d1-958a-650b8f7d2c71', 
'Inventory', 
'inventory', 
40, 
14, 
'', 
false);
ALTER TABLE "assets_and_maintenance$asset" DROP COLUMN "maintenance_day";
ALTER TABLE "assets_and_maintenance$asset" ADD "isscheduled" BOOLEAN NULL;
UPDATE "assets_and_maintenance$asset"
 SET "isscheduled" = false;
ALTER TABLE "assets_and_maintenance$asset" ADD "maintenance_day" TIMESTAMP NULL;
INSERT INTO "mendixsystem$attribute" ("id", 
"entity_id", 
"attribute_name", 
"column_name", 
"type", 
"length", 
"default_value", 
"is_auto_number")
 VALUES ('65d50a75-c3ed-4d3e-909b-75afeda3cb07', 
'fafb5819-5604-4f08-b1d9-e576a1be1523', 
'IsScheduled', 
'isscheduled', 
10, 
0, 
'false', 
false);
UPDATE "mendixsystem$attribute"
 SET "entity_id" = 'fafb5819-5604-4f08-b1d9-e576a1be1523', 
"attribute_name" = 'Maintenance_Day', 
"column_name" = 'maintenance_day', 
"type" = 20, 
"length" = 0, 
"default_value" = '', 
"is_auto_number" = false
 WHERE "id" = '76324a68-38f0-4af1-81a1-7cc30d738422';
CREATE TABLE "financials$charges_payments" (
	"id" BIGINT NOT NULL,
	"recon_date" TIMESTAMP NULL,
	"is_allocated" BOOLEAN NULL,
	"checker" VARCHAR_IGNORECASE(200) NULL,
	"txno_payment" VARCHAR_IGNORECASE(200) NULL,
	"bank_accno" VARCHAR_IGNORECASE(200) NULL,
	"txno_charge" VARCHAR_IGNORECASE(200) NULL,
	"remaining_amount" BIGINT NULL,
	"maker" VARCHAR_IGNORECASE(200) NULL,
	"makerdate" TIMESTAMP NULL,
	"allocated_amount" BIGINT NULL,
	"changeddate" TIMESTAMP NULL,
	"isrecon" BOOLEAN NULL,
	"createddate" TIMESTAMP NULL,
	"deposited_amount" BIGINT NULL,
	"deposit_date" TIMESTAMP NULL,
	"orginal_amount" BIGINT NULL,
	"is_deposited" VARCHAR_IGNORECASE(200) NULL,
	"checkerdate" VARCHAR_IGNORECASE(200) NULL,
	PRIMARY KEY("id"));
INSERT INTO "mendixsystem$entity" ("id", 
"entity_name", 
"table_name", 
"remote", 
"remote_primary_key")
 VALUES ('81196413-2316-4062-a5c6-bc3e42b2b652', 
'Financials.Charges_Payments', 
'financials$charges_payments', 
false, 
false);
INSERT INTO "mendixsystem$attribute" ("id", 
"entity_id", 
"attribute_name", 
"column_name", 
"type", 
"length", 
"default_value", 
"is_auto_number")
 VALUES ('57e931d0-0f5f-4b6a-9f43-e247f45ab584', 
'81196413-2316-4062-a5c6-bc3e42b2b652', 
'Recon_Date', 
'recon_date', 
20, 
0, 
'', 
false);
INSERT INTO "mendixsystem$attribute" ("id", 
"entity_id", 
"attribute_name", 
"column_name", 
"type", 
"length", 
"default_value", 
"is_auto_number")
 VALUES ('5e0fbcf1-9936-4c34-9731-71e0c03eac58', 
'81196413-2316-4062-a5c6-bc3e42b2b652', 
'Is_Allocated', 
'is_allocated', 
10, 
0, 
'false', 
false);
INSERT INTO "mendixsystem$attribute" ("id", 
"entity_id", 
"attribute_name", 
"column_name", 
"type", 
"length", 
"default_value", 
"is_auto_number")
 VALUES ('4ba02d7d-6690-4645-b039-22860d9912cf', 
'81196413-2316-4062-a5c6-bc3e42b2b652', 
'Checker', 
'checker', 
30, 
200, 
'', 
false);
INSERT INTO "mendixsystem$attribute" ("id", 
"entity_id", 
"attribute_name", 
"column_name", 
"type", 
"length", 
"default_value", 
"is_auto_number")
 VALUES ('e0166a8a-9407-42c0-8013-9b1c48e1b243', 
'81196413-2316-4062-a5c6-bc3e42b2b652', 
'TxNo_Payment', 
'txno_payment', 
30, 
200, 
'', 
false);
INSERT INTO "mendixsystem$attribute" ("id", 
"entity_id", 
"attribute_name", 
"column_name", 
"type", 
"length", 
"default_value", 
"is_auto_number")
 VALUES ('667e3e4f-a5a9-46f1-9b17-e65eb3f85553', 
'81196413-2316-4062-a5c6-bc3e42b2b652', 
'Bank_AccNo', 
'bank_accno', 
30, 
200, 
'', 
false);
INSERT INTO "mendixsystem$attribute" ("id", 
"entity_id", 
"attribute_name", 
"column_name", 
"type", 
"length", 
"default_value", 
"is_auto_number")
 VALUES ('5d34079b-8b89-49fb-9bfc-88198c70525d', 
'81196413-2316-4062-a5c6-bc3e42b2b652', 
'TxNo_Charge', 
'txno_charge', 
30, 
200, 
'', 
false);
INSERT INTO "mendixsystem$attribute" ("id", 
"entity_id", 
"attribute_name", 
"column_name", 
"type", 
"length", 
"default_value", 
"is_auto_number")
 VALUES ('e7720ea8-9e7e-4309-80bc-67b55d537730', 
'81196413-2316-4062-a5c6-bc3e42b2b652', 
'Remaining_Amount', 
'remaining_amount', 
4, 
0, 
'0', 
false);
INSERT INTO "mendixsystem$attribute" ("id", 
"entity_id", 
"attribute_name", 
"column_name", 
"type", 
"length", 
"default_value", 
"is_auto_number")
 VALUES ('8aa47b8b-cf40-4eea-afa4-c89bff6911aa', 
'81196413-2316-4062-a5c6-bc3e42b2b652', 
'Maker', 
'maker', 
30, 
200, 
'', 
false);
INSERT INTO "mendixsystem$attribute" ("id", 
"entity_id", 
"attribute_name", 
"column_name", 
"type", 
"length", 
"default_value", 
"is_auto_number")
 VALUES ('69ff0d75-b058-4fdd-b67d-76e27fdf184f', 
'81196413-2316-4062-a5c6-bc3e42b2b652', 
'MakerDate', 
'makerdate', 
20, 
0, 
'', 
false);
INSERT INTO "mendixsystem$attribute" ("id", 
"entity_id", 
"attribute_name", 
"column_name", 
"type", 
"length", 
"default_value", 
"is_auto_number")
 VALUES ('f3d0ef74-f7c6-415c-b369-d3a138d11c30', 
'81196413-2316-4062-a5c6-bc3e42b2b652', 
'Allocated_Amount', 
'allocated_amount', 
4, 
0, 
'0', 
false);
INSERT INTO "mendixsystem$attribute" ("id", 
"entity_id", 
"attribute_name", 
"column_name", 
"type", 
"length", 
"default_value", 
"is_auto_number")
 VALUES ('34427ef8-ec26-31e2-9e42-f4b1fea04dd6', 
'81196413-2316-4062-a5c6-bc3e42b2b652', 
'changedDate', 
'changeddate', 
20, 
0, 
'', 
false);
INSERT INTO "mendixsystem$attribute" ("id", 
"entity_id", 
"attribute_name", 
"column_name", 
"type", 
"length", 
"default_value", 
"is_auto_number")
 VALUES ('0f7fbd34-36e7-45a1-9066-a4004e0f4475', 
'81196413-2316-4062-a5c6-bc3e42b2b652', 
'IsRecon', 
'isrecon', 
10, 
0, 
'false', 
false);
INSERT INTO "mendixsystem$attribute" ("id", 
"entity_id", 
"attribute_name", 
"column_name", 
"type", 
"length", 
"default_value", 
"is_auto_number")
 VALUES ('3fd60371-aa13-3b11-8cbf-873c204dfb28', 
'81196413-2316-4062-a5c6-bc3e42b2b652', 
'createdDate', 
'createddate', 
20, 
0, 
'', 
false);
INSERT INTO "mendixsystem$attribute" ("id", 
"entity_id", 
"attribute_name", 
"column_name", 
"type", 
"length", 
"default_value", 
"is_auto_number")
 VALUES ('5576cba1-0426-4788-b3ce-90767f858dad', 
'81196413-2316-4062-a5c6-bc3e42b2b652', 
'Deposited_Amount', 
'deposited_amount', 
4, 
0, 
'0', 
false);
INSERT INTO "mendixsystem$attribute" ("id", 
"entity_id", 
"attribute_name", 
"column_name", 
"type", 
"length", 
"default_value", 
"is_auto_number")
 VALUES ('16c529a7-f5de-43b4-9fc1-a22d5079bddf', 
'81196413-2316-4062-a5c6-bc3e42b2b652', 
'Deposit_Date', 
'deposit_date', 
20, 
0, 
'', 
false);
INSERT INTO "mendixsystem$attribute" ("id", 
"entity_id", 
"attribute_name", 
"column_name", 
"type", 
"length", 
"default_value", 
"is_auto_number")
 VALUES ('41aa4e38-6381-4873-a022-61761257d7ab', 
'81196413-2316-4062-a5c6-bc3e42b2b652', 
'Orginal_Amount', 
'orginal_amount', 
4, 
0, 
'0', 
false);
INSERT INTO "mendixsystem$attribute" ("id", 
"entity_id", 
"attribute_name", 
"column_name", 
"type", 
"length", 
"default_value", 
"is_auto_number")
 VALUES ('54601840-654b-44af-ad8b-2982bbd50d05', 
'81196413-2316-4062-a5c6-bc3e42b2b652', 
'Is_Deposited', 
'is_deposited', 
30, 
200, 
'', 
false);
INSERT INTO "mendixsystem$attribute" ("id", 
"entity_id", 
"attribute_name", 
"column_name", 
"type", 
"length", 
"default_value", 
"is_auto_number")
 VALUES ('d2a62936-0a47-46a8-a43a-c46f35da6592', 
'81196413-2316-4062-a5c6-bc3e42b2b652', 
'CheckerDate', 
'checkerdate', 
30, 
200, 
'', 
false);
CREATE TABLE "financials$generalledger" (
	"id" BIGINT NOT NULL,
	"transactiontype" VARCHAR_IGNORECASE(7) NULL,
	"check_number" BIGINT NULL,
	"checker" VARCHAR_IGNORECASE(200) NULL,
	"amount" BIGINT NULL,
	"check_memo" VARCHAR_IGNORECASE(200) NULL,
	"tx_no" VARCHAR_IGNORECASE(200) NULL,
	"date" TIMESTAMP NULL,
	"maker" VARCHAR_IGNORECASE(200) NULL,
	"maker_date" TIMESTAMP NULL,
	"checker_date" TIMESTAMP NULL,
	"paymentmethod" VARCHAR_IGNORECASE(4) NULL,
	"invoicenumber" VARCHAR_IGNORECASE(200) NULL,
	"payed_by" VARCHAR_IGNORECASE(200) NULL,
	PRIMARY KEY("id"));
INSERT INTO "mendixsystem$entity" ("id", 
"entity_name", 
"table_name", 
"remote", 
"remote_primary_key")
 VALUES ('3d31557a-0878-49d5-9c1c-a4f973f7e012', 
'Financials.GeneralLedger', 
'financials$generalledger', 
false, 
false);
INSERT INTO "mendixsystem$attribute" ("id", 
"entity_id", 
"attribute_name", 
"column_name", 
"type", 
"length", 
"default_value", 
"is_auto_number")
 VALUES ('cbe0c5c3-29fc-4e18-86ba-10b61932d92e', 
'3d31557a-0878-49d5-9c1c-a4f973f7e012', 
'TransactionType', 
'transactiontype', 
40, 
7, 
'', 
false);
INSERT INTO "mendixsystem$attribute" ("id", 
"entity_id", 
"attribute_name", 
"column_name", 
"type", 
"length", 
"default_value", 
"is_auto_number")
 VALUES ('88aeb16b-2557-44bd-aa52-241ed21465f1', 
'3d31557a-0878-49d5-9c1c-a4f973f7e012', 
'Check_Number', 
'check_number', 
4, 
0, 
'0', 
false);
INSERT INTO "mendixsystem$attribute" ("id", 
"entity_id", 
"attribute_name", 
"column_name", 
"type", 
"length", 
"default_value", 
"is_auto_number")
 VALUES ('f7536648-e81f-40a7-bb2c-3c64b7a2eebf', 
'3d31557a-0878-49d5-9c1c-a4f973f7e012', 
'Checker', 
'checker', 
30, 
200, 
'', 
false);
INSERT INTO "mendixsystem$attribute" ("id", 
"entity_id", 
"attribute_name", 
"column_name", 
"type", 
"length", 
"default_value", 
"is_auto_number")
 VALUES ('b4c8e425-f23f-46ef-ab7d-7eec499a0419', 
'3d31557a-0878-49d5-9c1c-a4f973f7e012', 
'Amount', 
'amount', 
4, 
0, 
'', 
false);
INSERT INTO "mendixsystem$attribute" ("id", 
"entity_id", 
"attribute_name", 
"column_name", 
"type", 
"length", 
"default_value", 
"is_auto_number")
 VALUES ('f02f35e9-cfc3-4f3c-867f-3b4934819762', 
'3d31557a-0878-49d5-9c1c-a4f973f7e012', 
'Check_Memo', 
'check_memo', 
30, 
200, 
'', 
false);
INSERT INTO "mendixsystem$attribute" ("id", 
"entity_id", 
"attribute_name", 
"column_name", 
"type", 
"length", 
"default_value", 
"is_auto_number")
 VALUES ('4bbf2f8a-7638-4915-8acb-82b40fe8e1d4', 
'3d31557a-0878-49d5-9c1c-a4f973f7e012', 
'Tx_No', 
'tx_no', 
30, 
200, 
'', 
false);
INSERT INTO "mendixsystem$attribute" ("id", 
"entity_id", 
"attribute_name", 
"column_name", 
"type", 
"length", 
"default_value", 
"is_auto_number")
 VALUES ('58433a56-2ad5-4edf-b055-093b4f719048', 
'3d31557a-0878-49d5-9c1c-a4f973f7e012', 
'Date', 
'date', 
20, 
0, 
'', 
false);
INSERT INTO "mendixsystem$attribute" ("id", 
"entity_id", 
"attribute_name", 
"column_name", 
"type", 
"length", 
"default_value", 
"is_auto_number")
 VALUES ('7f34094d-118d-4209-a718-b78c415e963e', 
'3d31557a-0878-49d5-9c1c-a4f973f7e012', 
'Maker', 
'maker', 
30, 
200, 
'', 
false);
INSERT INTO "mendixsystem$attribute" ("id", 
"entity_id", 
"attribute_name", 
"column_name", 
"type", 
"length", 
"default_value", 
"is_auto_number")
 VALUES ('446b8bbc-ad4d-4170-b515-8c74f0091269', 
'3d31557a-0878-49d5-9c1c-a4f973f7e012', 
'Maker_Date', 
'maker_date', 
20, 
0, 
'', 
false);
INSERT INTO "mendixsystem$attribute" ("id", 
"entity_id", 
"attribute_name", 
"column_name", 
"type", 
"length", 
"default_value", 
"is_auto_number")
 VALUES ('88cb9bbd-6fe4-4d15-b9c8-3e66bc262791', 
'3d31557a-0878-49d5-9c1c-a4f973f7e012', 
'Checker_Date', 
'checker_date', 
20, 
0, 
'', 
false);
INSERT INTO "mendixsystem$attribute" ("id", 
"entity_id", 
"attribute_name", 
"column_name", 
"type", 
"length", 
"default_value", 
"is_auto_number")
 VALUES ('b7faa897-e01f-4a2c-b38f-22e7e8ff2dc5', 
'3d31557a-0878-49d5-9c1c-a4f973f7e012', 
'PaymentMethod', 
'paymentmethod', 
40, 
4, 
'', 
false);
INSERT INTO "mendixsystem$attribute" ("id", 
"entity_id", 
"attribute_name", 
"column_name", 
"type", 
"length", 
"default_value", 
"is_auto_number")
 VALUES ('23137dd8-3acc-48cb-8486-4a1f050c14ec', 
'3d31557a-0878-49d5-9c1c-a4f973f7e012', 
'InvoiceNumber', 
'invoicenumber', 
30, 
200, 
'', 
false);
INSERT INTO "mendixsystem$attribute" ("id", 
"entity_id", 
"attribute_name", 
"column_name", 
"type", 
"length", 
"default_value", 
"is_auto_number")
 VALUES ('02ccde65-9cab-460d-aa34-4a659704655f', 
'3d31557a-0878-49d5-9c1c-a4f973f7e012', 
'Payed_By', 
'payed_by', 
30, 
200, 
'', 
false);
CREATE TABLE "financials$generalledger_property" (
	"financials$generalledgerid" BIGINT NOT NULL,
	"rapidlease$propertyid" BIGINT NOT NULL,
	PRIMARY KEY("financials$generalledgerid","rapidlease$propertyid"),
	CONSTRAINT "uniq_financials$generalledger_property_financials$generalledgerid" UNIQUE ("financials$generalledgerid"));
CREATE INDEX "idx_financials$generalledger_property_rapidlease$property_financials$generalledger" ON "financials$generalledger_property" ("rapidlease$propertyid" ASC,"financials$generalledgerid" ASC);
INSERT INTO "mendixsystem$association" ("id", 
"association_name", 
"table_name", 
"parent_entity_id", 
"child_entity_id", 
"parent_column_name", 
"child_column_name", 
"index_name")
 VALUES ('8cecb4e6-5203-47fb-a076-ee8b225a1db8', 
'Financials.GeneralLedger_Property', 
'financials$generalledger_property', 
'3d31557a-0878-49d5-9c1c-a4f973f7e012', 
'c181409a-fd0f-491d-8fae-d54b555deb83', 
'financials$generalledgerid', 
'rapidlease$propertyid', 
'idx_financials$generalledger_property_rapidlease$property_financials$generalledger');
INSERT INTO "mendixsystem$unique_constraint" ("name", 
"table_id", 
"column_id")
 VALUES ('uniq_financials$generalledger_property_financials$generalledgerid', 
'8cecb4e6-5203-47fb-a076-ee8b225a1db8', 
'83b3653b-640d-39a6-beda-e02d9f342dd9');
CREATE TABLE "financials$generalledger_lease" (
	"financials$generalledgerid" BIGINT NOT NULL,
	"rapidlease$leaseid" BIGINT NOT NULL,
	PRIMARY KEY("financials$generalledgerid","rapidlease$leaseid"),
	CONSTRAINT "uniq_financials$generalledger_lease_financials$generalledgerid" UNIQUE ("financials$generalledgerid"));
CREATE INDEX "idx_financials$generalledger_lease_rapidlease$lease_financials$generalledger" ON "financials$generalledger_lease" ("rapidlease$leaseid" ASC,"financials$generalledgerid" ASC);
INSERT INTO "mendixsystem$association" ("id", 
"association_name", 
"table_name", 
"parent_entity_id", 
"child_entity_id", 
"parent_column_name", 
"child_column_name", 
"index_name")
 VALUES ('4b470a59-d47a-48aa-bf3a-a3ca8a5d73c7', 
'Financials.GeneralLedger_Lease', 
'financials$generalledger_lease', 
'3d31557a-0878-49d5-9c1c-a4f973f7e012', 
'1ae41165-e98d-41a4-a817-96e5e8b16546', 
'financials$generalledgerid', 
'rapidlease$leaseid', 
'idx_financials$generalledger_lease_rapidlease$lease_financials$generalledger');
INSERT INTO "mendixsystem$unique_constraint" ("name", 
"table_id", 
"column_id")
 VALUES ('uniq_financials$generalledger_lease_financials$generalledgerid', 
'4b470a59-d47a-48aa-bf3a-a3ca8a5d73c7', 
'aad2c43c-c87d-3ada-b585-e6312f95b597');
CREATE TABLE "financials$generalledger_paymentaccount" (
	"financials$generalledgerid" BIGINT NOT NULL,
	"financials$paymentaccountid" BIGINT NOT NULL,
	PRIMARY KEY("financials$generalledgerid","financials$paymentaccountid"),
	CONSTRAINT "uniq_financials$generalledger_paymentaccount_financials$generalledgerid" UNIQUE ("financials$generalledgerid"));
CREATE INDEX "idx_financials$generalledger_paymentaccount_financials$paymentaccount_financials$generalledger" ON "financials$generalledger_paymentaccount" ("financials$paymentaccountid" ASC,"financials$generalledgerid" ASC);
INSERT INTO "mendixsystem$association" ("id", 
"association_name", 
"table_name", 
"parent_entity_id", 
"child_entity_id", 
"parent_column_name", 
"child_column_name", 
"index_name")
 VALUES ('916fb5c9-4692-418d-b947-5ec82d5a240b', 
'Financials.GeneralLedger_PaymentAccount', 
'financials$generalledger_paymentaccount', 
'3d31557a-0878-49d5-9c1c-a4f973f7e012', 
'77c75c72-e1de-4d84-aa56-44bc842fe1e7', 
'financials$generalledgerid', 
'financials$paymentaccountid', 
'idx_financials$generalledger_paymentaccount_financials$paymentaccount_financials$generalledger');
INSERT INTO "mendixsystem$unique_constraint" ("name", 
"table_id", 
"column_id")
 VALUES ('uniq_financials$generalledger_paymentaccount_financials$generalledgerid', 
'916fb5c9-4692-418d-b947-5ec82d5a240b', 
'3eb409bd-343f-32dd-b6df-f377a814fbc0');
CREATE TABLE "financials$generalledger_unit" (
	"financials$generalledgerid" BIGINT NOT NULL,
	"rapidlease$unitid" BIGINT NOT NULL,
	PRIMARY KEY("financials$generalledgerid","rapidlease$unitid"),
	CONSTRAINT "uniq_financials$generalledger_unit_financials$generalledgerid" UNIQUE ("financials$generalledgerid"));
CREATE INDEX "idx_financials$generalledger_unit_rapidlease$unit_financials$generalledger" ON "financials$generalledger_unit" ("rapidlease$unitid" ASC,"financials$generalledgerid" ASC);
INSERT INTO "mendixsystem$association" ("id", 
"association_name", 
"table_name", 
"parent_entity_id", 
"child_entity_id", 
"parent_column_name", 
"child_column_name", 
"index_name")
 VALUES ('4a523a9b-9c2c-4fab-aed6-792ac44f967f', 
'Financials.GeneralLedger_Unit', 
'financials$generalledger_unit', 
'3d31557a-0878-49d5-9c1c-a4f973f7e012', 
'136f45c2-dcf8-4fed-b3ec-30fcb63c03eb', 
'financials$generalledgerid', 
'rapidlease$unitid', 
'idx_financials$generalledger_unit_rapidlease$unit_financials$generalledger');
INSERT INTO "mendixsystem$unique_constraint" ("name", 
"table_id", 
"column_id")
 VALUES ('uniq_financials$generalledger_unit_financials$generalledgerid', 
'4a523a9b-9c2c-4fab-aed6-792ac44f967f', 
'a2a2fc8b-7b6c-3ae8-9363-2723fe07fc90');
CREATE TABLE "financials$generalledger_generalledger" (
	"financials$generalledgerid1" BIGINT NOT NULL,
	"financials$generalledgerid2" BIGINT NOT NULL,
	PRIMARY KEY("financials$generalledgerid1","financials$generalledgerid2"),
	CONSTRAINT "uniq_financials$generalledger_generalledger_financials$generalledgerid1" UNIQUE ("financials$generalledgerid1"));
CREATE INDEX "idx_financials$generalledger_generalledger_financials$generalledger_financials$generalledger" ON "financials$generalledger_generalledger" ("financials$generalledgerid2" ASC,"financials$generalledgerid1" ASC);
INSERT INTO "mendixsystem$association" ("id", 
"association_name", 
"table_name", 
"parent_entity_id", 
"child_entity_id", 
"parent_column_name", 
"child_column_name", 
"index_name")
 VALUES ('ab3ee8ef-f747-4c75-badb-c0be6b9a0931', 
'Financials.GeneralLedger_GeneralLedger', 
'financials$generalledger_generalledger', 
'3d31557a-0878-49d5-9c1c-a4f973f7e012', 
'3d31557a-0878-49d5-9c1c-a4f973f7e012', 
'financials$generalledgerid1', 
'financials$generalledgerid2', 
'idx_financials$generalledger_generalledger_financials$generalledger_financials$generalledger');
INSERT INTO "mendixsystem$unique_constraint" ("name", 
"table_id", 
"column_id")
 VALUES ('uniq_financials$generalledger_generalledger_financials$generalledgerid1', 
'ab3ee8ef-f747-4c75-badb-c0be6b9a0931', 
'3854875d-8f57-3f83-958e-4d40a378e37e');
CREATE TABLE "pushnotifications$notification" (
	"id" BIGINT NOT NULL,
	"notificationdate" TIMESTAMP NULL,
	"message" VARCHAR_IGNORECASE(200) NULL,
	"isread" BOOLEAN NULL,
	"subject" VARCHAR_IGNORECASE(200) NULL,
	"notificationcategory" VARCHAR_IGNORECASE(9) NULL,
	PRIMARY KEY("id"));
INSERT INTO "mendixsystem$entity" ("id", 
"entity_name", 
"table_name", 
"remote", 
"remote_primary_key")
 VALUES ('9140af8b-2547-4b16-8531-0132132f786d', 
'PushNotifications.Notification', 
'pushnotifications$notification', 
false, 
false);
INSERT INTO "mendixsystem$attribute" ("id", 
"entity_id", 
"attribute_name", 
"column_name", 
"type", 
"length", 
"default_value", 
"is_auto_number")
 VALUES ('d3648def-40d0-4330-9f1a-baf57b126864', 
'9140af8b-2547-4b16-8531-0132132f786d', 
'NotificationDate', 
'notificationdate', 
20, 
0, 
'', 
false);
INSERT INTO "mendixsystem$attribute" ("id", 
"entity_id", 
"attribute_name", 
"column_name", 
"type", 
"length", 
"default_value", 
"is_auto_number")
 VALUES ('c928bac4-5394-429f-ba03-88d5972583b3', 
'9140af8b-2547-4b16-8531-0132132f786d', 
'Message', 
'message', 
30, 
200, 
'', 
false);
INSERT INTO "mendixsystem$attribute" ("id", 
"entity_id", 
"attribute_name", 
"column_name", 
"type", 
"length", 
"default_value", 
"is_auto_number")
 VALUES ('8c9fed18-6aef-450e-930a-f13d657a0891', 
'9140af8b-2547-4b16-8531-0132132f786d', 
'IsRead', 
'isread', 
10, 
0, 
'false', 
false);
INSERT INTO "mendixsystem$attribute" ("id", 
"entity_id", 
"attribute_name", 
"column_name", 
"type", 
"length", 
"default_value", 
"is_auto_number")
 VALUES ('d0cdbd3e-9b16-48e1-b117-46f1064916fd', 
'9140af8b-2547-4b16-8531-0132132f786d', 
'Subject', 
'subject', 
30, 
200, 
'', 
false);
INSERT INTO "mendixsystem$attribute" ("id", 
"entity_id", 
"attribute_name", 
"column_name", 
"type", 
"length", 
"default_value", 
"is_auto_number")
 VALUES ('9a491025-1cb1-4802-beb1-6006f89475ac', 
'9140af8b-2547-4b16-8531-0132132f786d', 
'NotificationCategory', 
'notificationcategory', 
40, 
9, 
'', 
false);
CREATE TABLE "pushnotifications$notification_sentto" (
	"pushnotifications$notificationid" BIGINT NOT NULL,
	"administration$accountid" BIGINT NOT NULL,
	PRIMARY KEY("pushnotifications$notificationid","administration$accountid"),
	CONSTRAINT "uniq_pushnotifications$notification_sentto_pushnotifications$notificationid" UNIQUE ("pushnotifications$notificationid"));
CREATE INDEX "idx_pushnotifications$notification_sentto_administration$account_pushnotifications$notification" ON "pushnotifications$notification_sentto" ("administration$accountid" ASC,"pushnotifications$notificationid" ASC);
INSERT INTO "mendixsystem$association" ("id", 
"association_name", 
"table_name", 
"parent_entity_id", 
"child_entity_id", 
"parent_column_name", 
"child_column_name", 
"index_name")
 VALUES ('b957a452-e4ea-437e-b4c0-f6aa8c0221ff', 
'PushNotifications.Notification_SentTo', 
'pushnotifications$notification_sentto', 
'9140af8b-2547-4b16-8531-0132132f786d', 
'3078a23e-13b2-4a9b-84e4-2881fdee53c6', 
'pushnotifications$notificationid', 
'administration$accountid', 
'idx_pushnotifications$notification_sentto_administration$account_pushnotifications$notification');
INSERT INTO "mendixsystem$unique_constraint" ("name", 
"table_id", 
"column_id")
 VALUES ('uniq_pushnotifications$notification_sentto_pushnotifications$notificationid', 
'b957a452-e4ea-437e-b4c0-f6aa8c0221ff', 
'a762e01e-a99c-3049-9240-28a8dd0cc70d');
CREATE TABLE "pushnotifications$notification_messagetemplate" (
	"pushnotifications$notificationid" BIGINT NOT NULL,
	"pushnotifications$messagetemplateid" BIGINT NOT NULL,
	PRIMARY KEY("pushnotifications$notificationid","pushnotifications$messagetemplateid"),
	CONSTRAINT "uniq_pushnotifications$notification_messagetemplate_pushnotifications$notificationid" UNIQUE ("pushnotifications$notificationid"));
CREATE INDEX "idx_pushnotifications$notification_messagetemplate_pushnotifications$messagetemplate_pushnotifications$notification" ON "pushnotifications$notification_messagetemplate" ("pushnotifications$messagetemplateid" ASC,"pushnotifications$notificationid" ASC);
INSERT INTO "mendixsystem$association" ("id", 
"association_name", 
"table_name", 
"parent_entity_id", 
"child_entity_id", 
"parent_column_name", 
"child_column_name", 
"index_name")
 VALUES ('8ae11b49-979b-4a00-bef5-3c6d06d4451b', 
'PushNotifications.Notification_MessageTemplate', 
'pushnotifications$notification_messagetemplate', 
'9140af8b-2547-4b16-8531-0132132f786d', 
'b9dcad0c-627c-4635-8262-41e82b8c4a4c', 
'pushnotifications$notificationid', 
'pushnotifications$messagetemplateid', 
'idx_pushnotifications$notification_messagetemplate_pushnotifications$messagetemplate_pushnotifications$notification');
INSERT INTO "mendixsystem$unique_constraint" ("name", 
"table_id", 
"column_id")
 VALUES ('uniq_pushnotifications$notification_messagetemplate_pushnotifications$notificationid', 
'8ae11b49-979b-4a00-bef5-3c6d06d4451b', 
'd2da8603-50a4-3b1e-9561-3efff1984e00');
CREATE TABLE "pushnotifications$notification_sentfrom" (
	"pushnotifications$notificationid" BIGINT NOT NULL,
	"administration$accountid" BIGINT NOT NULL,
	PRIMARY KEY("pushnotifications$notificationid","administration$accountid"),
	CONSTRAINT "uniq_pushnotifications$notification_sentfrom_pushnotifications$notificationid" UNIQUE ("pushnotifications$notificationid"));
CREATE INDEX "idx_pushnotifications$notification_sentfrom_administration$account_pushnotifications$notification" ON "pushnotifications$notification_sentfrom" ("administration$accountid" ASC,"pushnotifications$notificationid" ASC);
INSERT INTO "mendixsystem$association" ("id", 
"association_name", 
"table_name", 
"parent_entity_id", 
"child_entity_id", 
"parent_column_name", 
"child_column_name", 
"index_name")
 VALUES ('00b4bd4e-2c41-49c9-bf30-3e0d31720ac3', 
'PushNotifications.Notification_SentFrom', 
'pushnotifications$notification_sentfrom', 
'9140af8b-2547-4b16-8531-0132132f786d', 
'3078a23e-13b2-4a9b-84e4-2881fdee53c6', 
'pushnotifications$notificationid', 
'administration$accountid', 
'idx_pushnotifications$notification_sentfrom_administration$account_pushnotifications$notification');
INSERT INTO "mendixsystem$unique_constraint" ("name", 
"table_id", 
"column_id")
 VALUES ('uniq_pushnotifications$notification_sentfrom_pushnotifications$notificationid', 
'00b4bd4e-2c41-49c9-bf30-3e0d31720ac3', 
'1b31ada2-b958-34b7-b5f0-510bcd209e63');
CREATE TABLE "rapidlease$clausetemplate" (
	"id" BIGINT NOT NULL,
	"startdate" TIMESTAMP NULL,
	"changeddate" TIMESTAMP NULL,
	"createddate" TIMESTAMP NULL,
	"templatename" VARCHAR_IGNORECASE(200) NULL,
	"enddate" TIMESTAMP NULL,
	"system$changedby" BIGINT NULL,
	PRIMARY KEY("id"));
CREATE INDEX "idx_rapidlease$clausetemplate_system$changedby" ON "rapidlease$clausetemplate" ("system$changedby" ASC,"id" ASC);
INSERT INTO "mendixsystem$entity" ("id", 
"entity_name", 
"table_name", 
"remote", 
"remote_primary_key")
 VALUES ('4e036dfc-2809-4f59-95d8-81a885495385', 
'RapidLease.ClauseTemplate', 
'rapidlease$clausetemplate', 
false, 
false);
INSERT INTO "mendixsystem$attribute" ("id", 
"entity_id", 
"attribute_name", 
"column_name", 
"type", 
"length", 
"default_value", 
"is_auto_number")
 VALUES ('53711c22-f824-48c7-8d3f-80d476afead5', 
'4e036dfc-2809-4f59-95d8-81a885495385', 
'StartDate', 
'startdate', 
20, 
0, 
'', 
false);
INSERT INTO "mendixsystem$attribute" ("id", 
"entity_id", 
"attribute_name", 
"column_name", 
"type", 
"length", 
"default_value", 
"is_auto_number")
 VALUES ('bf36b527-2c15-3e95-816f-7c86ffb70907', 
'4e036dfc-2809-4f59-95d8-81a885495385', 
'changedDate', 
'changeddate', 
20, 
0, 
'', 
false);
INSERT INTO "mendixsystem$attribute" ("id", 
"entity_id", 
"attribute_name", 
"column_name", 
"type", 
"length", 
"default_value", 
"is_auto_number")
 VALUES ('45fea15b-1e92-3296-b039-7063b9f1318a', 
'4e036dfc-2809-4f59-95d8-81a885495385', 
'createdDate', 
'createddate', 
20, 
0, 
'', 
false);
INSERT INTO "mendixsystem$attribute" ("id", 
"entity_id", 
"attribute_name", 
"column_name", 
"type", 
"length", 
"default_value", 
"is_auto_number")
 VALUES ('2a586a79-4ed7-42df-ad49-81c8c89817e4', 
'4e036dfc-2809-4f59-95d8-81a885495385', 
'TemplateName', 
'templatename', 
30, 
200, 
'', 
false);
INSERT INTO "mendixsystem$attribute" ("id", 
"entity_id", 
"attribute_name", 
"column_name", 
"type", 
"length", 
"default_value", 
"is_auto_number")
 VALUES ('ccd4d835-12a2-462c-be6e-7e08b4b827b2', 
'4e036dfc-2809-4f59-95d8-81a885495385', 
'EndDate', 
'enddate', 
20, 
0, 
'', 
false);
INSERT INTO "mendixsystem$index" ("id", 
"table_id", 
"index_name")
 VALUES ('8fd0ac15-6633-3505-a0f1-2f87029ab039', 
'4e036dfc-2809-4f59-95d8-81a885495385', 
'idx_rapidlease$clausetemplate_system$changedby');
INSERT INTO "mendixsystem$index_column" ("index_id", 
"column_id", 
"sort_order", 
"ordinal")
 VALUES ('8fd0ac15-6633-3505-a0f1-2f87029ab039', 
'84467e7a-ae16-34a4-9a89-da3c5c2267ef', 
false, 
0);
INSERT INTO "mendixsystem$association" ("id", 
"association_name", 
"table_name", 
"parent_entity_id", 
"child_entity_id", 
"parent_column_name", 
"child_column_name")
 VALUES ('84467e7a-ae16-34a4-9a89-da3c5c2267ef', 
'System.changedBy', 
'system$changedby', 
'4e036dfc-2809-4f59-95d8-81a885495385', 
'282e2e60-88a5-469d-84a5-ba8d9151644f', 
'id', 
'system$changedby');
CREATE TABLE "rapidlease$clausetemplate_token" (
	"rapidlease$clausetemplateid" BIGINT NOT NULL,
	"mxmodelreflection$tokenid" BIGINT NOT NULL,
	PRIMARY KEY("rapidlease$clausetemplateid","mxmodelreflection$tokenid"));
CREATE INDEX "idx_rapidlease$clausetemplate_token_mxmodelreflection$token_rapidlease$clausetemplate" ON "rapidlease$clausetemplate_token" ("mxmodelreflection$tokenid" ASC,"rapidlease$clausetemplateid" ASC);
INSERT INTO "mendixsystem$association" ("id", 
"association_name", 
"table_name", 
"parent_entity_id", 
"child_entity_id", 
"parent_column_name", 
"child_column_name", 
"index_name")
 VALUES ('b0b3faf8-ef6a-4b3f-8ada-f24ce73cd742', 
'RapidLease.ClauseTemplate_Token', 
'rapidlease$clausetemplate_token', 
'4e036dfc-2809-4f59-95d8-81a885495385', 
'af90ecc7-020e-4b2e-aabb-e883a3367c44', 
'rapidlease$clausetemplateid', 
'mxmodelreflection$tokenid', 
'idx_rapidlease$clausetemplate_token_mxmodelreflection$token_rapidlease$clausetemplate');
CREATE TABLE "rapidlease$clausetemplate_mxobjecttype" (
	"rapidlease$clausetemplateid" BIGINT NOT NULL,
	"mxmodelreflection$mxobjecttypeid" BIGINT NOT NULL,
	PRIMARY KEY("rapidlease$clausetemplateid","mxmodelreflection$mxobjecttypeid"),
	CONSTRAINT "uniq_rapidlease$clausetemplate_mxobjecttype_rapidlease$clausetemplateid" UNIQUE ("rapidlease$clausetemplateid"));
CREATE INDEX "idx_rapidlease$clausetemplate_mxobjecttype_mxmodelreflection$mxobjecttype_rapidlease$clausetemplate" ON "rapidlease$clausetemplate_mxobjecttype" ("mxmodelreflection$mxobjecttypeid" ASC,"rapidlease$clausetemplateid" ASC);
INSERT INTO "mendixsystem$association" ("id", 
"association_name", 
"table_name", 
"parent_entity_id", 
"child_entity_id", 
"parent_column_name", 
"child_column_name", 
"index_name")
 VALUES ('83632295-e36b-4542-aa49-38064727eee2', 
'RapidLease.ClauseTemplate_MxObjectType', 
'rapidlease$clausetemplate_mxobjecttype', 
'4e036dfc-2809-4f59-95d8-81a885495385', 
'a50c45fa-b5f3-4f01-b5ea-5894dbbcb9c3', 
'rapidlease$clausetemplateid', 
'mxmodelreflection$mxobjecttypeid', 
'idx_rapidlease$clausetemplate_mxobjecttype_mxmodelreflection$mxobjecttype_rapidlease$clausetemplate');
INSERT INTO "mendixsystem$unique_constraint" ("name", 
"table_id", 
"column_id")
 VALUES ('uniq_rapidlease$clausetemplate_mxobjecttype_rapidlease$clausetemplateid', 
'83632295-e36b-4542-aa49-38064727eee2', 
'd79d416f-81c8-32e5-b140-b5a672f78fb2');
CREATE TABLE "rapidlease$clause" (
	"id" BIGINT NOT NULL,
	PRIMARY KEY("id"));
INSERT INTO "mendixsystem$entity" ("id", 
"entity_name", 
"table_name", 
"remote", 
"remote_primary_key")
 VALUES ('959f63aa-9ccd-4c25-916f-0d38c27d3a33', 
'RapidLease.Clause', 
'rapidlease$clause', 
false, 
false);
CREATE TABLE "rapidlease$clause_clausetemplate" (
	"rapidlease$clauseid" BIGINT NOT NULL,
	"rapidlease$clausetemplateid" BIGINT NOT NULL,
	PRIMARY KEY("rapidlease$clauseid","rapidlease$clausetemplateid"),
	CONSTRAINT "uniq_rapidlease$clause_clausetemplate_rapidlease$clauseid" UNIQUE ("rapidlease$clauseid"));
CREATE INDEX "idx_rapidlease$clause_clausetemplate_rapidlease$clausetemplate_rapidlease$clause" ON "rapidlease$clause_clausetemplate" ("rapidlease$clausetemplateid" ASC,"rapidlease$clauseid" ASC);
INSERT INTO "mendixsystem$association" ("id", 
"association_name", 
"table_name", 
"parent_entity_id", 
"child_entity_id", 
"parent_column_name", 
"child_column_name", 
"index_name")
 VALUES ('51ee33f9-7bd6-4d97-ad69-0feff0e4ad09', 
'RapidLease.Clause_ClauseTemplate', 
'rapidlease$clause_clausetemplate', 
'959f63aa-9ccd-4c25-916f-0d38c27d3a33', 
'4e036dfc-2809-4f59-95d8-81a885495385', 
'rapidlease$clauseid', 
'rapidlease$clausetemplateid', 
'idx_rapidlease$clause_clausetemplate_rapidlease$clausetemplate_rapidlease$clause');
INSERT INTO "mendixsystem$unique_constraint" ("name", 
"table_id", 
"column_id")
 VALUES ('uniq_rapidlease$clause_clausetemplate_rapidlease$clauseid', 
'51ee33f9-7bd6-4d97-ad69-0feff0e4ad09', 
'f15452a9-7185-31c4-88b4-f80745e7c1c9');
CREATE TABLE "pushnotifications$messagetemplate" (
	"id" BIGINT NOT NULL,
	"message" VARCHAR_IGNORECASE(2000) NULL,
	"subject" VARCHAR_IGNORECASE(200) NULL,
	"name" VARCHAR_IGNORECASE(200) NULL,
	PRIMARY KEY("id"));
INSERT INTO "mendixsystem$entity" ("id", 
"entity_name", 
"table_name", 
"remote", 
"remote_primary_key")
 VALUES ('b9dcad0c-627c-4635-8262-41e82b8c4a4c', 
'PushNotifications.MessageTemplate', 
'pushnotifications$messagetemplate', 
false, 
false);
INSERT INTO "mendixsystem$attribute" ("id", 
"entity_id", 
"attribute_name", 
"column_name", 
"type", 
"length", 
"default_value", 
"is_auto_number")
 VALUES ('0604ab13-696a-4563-aaca-86e511a7ae44', 
'b9dcad0c-627c-4635-8262-41e82b8c4a4c', 
'Message', 
'message', 
30, 
2000, 
'', 
false);
INSERT INTO "mendixsystem$attribute" ("id", 
"entity_id", 
"attribute_name", 
"column_name", 
"type", 
"length", 
"default_value", 
"is_auto_number")
 VALUES ('d2fa6b2f-3c4f-4195-b46b-3e7462df9d3d', 
'b9dcad0c-627c-4635-8262-41e82b8c4a4c', 
'Subject', 
'subject', 
30, 
200, 
'', 
false);
INSERT INTO "mendixsystem$attribute" ("id", 
"entity_id", 
"attribute_name", 
"column_name", 
"type", 
"length", 
"default_value", 
"is_auto_number")
 VALUES ('cb982ac6-4f25-4b97-ab36-2f1d6c17813f', 
'b9dcad0c-627c-4635-8262-41e82b8c4a4c', 
'Name', 
'name', 
30, 
200, 
'', 
false);
CREATE TABLE "pushnotifications$messagetemplate_token" (
	"pushnotifications$messagetemplateid" BIGINT NOT NULL,
	"mxmodelreflection$tokenid" BIGINT NOT NULL,
	PRIMARY KEY("pushnotifications$messagetemplateid","mxmodelreflection$tokenid"));
CREATE INDEX "idx_pushnotifications$messagetemplate_token_mxmodelreflection$token_pushnotifications$messagetemplate" ON "pushnotifications$messagetemplate_token" ("mxmodelreflection$tokenid" ASC,"pushnotifications$messagetemplateid" ASC);
INSERT INTO "mendixsystem$association" ("id", 
"association_name", 
"table_name", 
"parent_entity_id", 
"child_entity_id", 
"parent_column_name", 
"child_column_name", 
"index_name")
 VALUES ('d217f8ff-ebdc-4ba5-aa98-b51a6192089e', 
'PushNotifications.MessageTemplate_Token', 
'pushnotifications$messagetemplate_token', 
'b9dcad0c-627c-4635-8262-41e82b8c4a4c', 
'af90ecc7-020e-4b2e-aabb-e883a3367c44', 
'pushnotifications$messagetemplateid', 
'mxmodelreflection$tokenid', 
'idx_pushnotifications$messagetemplate_token_mxmodelreflection$token_pushnotifications$messagetemplate');
CREATE TABLE "rapidlease$clauselisting" (
	"id" BIGINT NOT NULL,
	"clauserefrence" VARCHAR_IGNORECASE(200) NULL,
	"clausedesc" VARCHAR_IGNORECASE(2147483647) NULL,
	PRIMARY KEY("id"));
INSERT INTO "mendixsystem$entity" ("id", 
"entity_name", 
"table_name", 
"remote", 
"remote_primary_key")
 VALUES ('9a367a56-cc70-4b5d-85f7-f6c8ecd3421f', 
'RapidLease.ClauseListing', 
'rapidlease$clauselisting', 
false, 
false);
INSERT INTO "mendixsystem$attribute" ("id", 
"entity_id", 
"attribute_name", 
"column_name", 
"type", 
"length", 
"default_value", 
"is_auto_number")
 VALUES ('5f472957-ce82-486c-bf5e-8938f619706d', 
'9a367a56-cc70-4b5d-85f7-f6c8ecd3421f', 
'ClauseRefrence', 
'clauserefrence', 
30, 
200, 
'', 
false);
INSERT INTO "mendixsystem$attribute" ("id", 
"entity_id", 
"attribute_name", 
"column_name", 
"type", 
"length", 
"default_value", 
"is_auto_number")
 VALUES ('afbf3961-22fc-4ad3-93d1-48a0e66d5500', 
'9a367a56-cc70-4b5d-85f7-f6c8ecd3421f', 
'ClauseDesc', 
'clausedesc', 
30, 
0, 
'', 
false);
CREATE TABLE "rapidlease$clauselisting_clauseimpact" (
	"rapidlease$clauselistingid" BIGINT NOT NULL,
	"rapidlease$clauseimpactid" BIGINT NOT NULL,
	PRIMARY KEY("rapidlease$clauselistingid","rapidlease$clauseimpactid"),
	CONSTRAINT "uniq_rapidlease$clauselisting_clauseimpact_rapidlease$clauselistingid" UNIQUE ("rapidlease$clauselistingid"));
CREATE INDEX "idx_rapidlease$clauselisting_clauseimpact_rapidlease$clauseimpact_rapidlease$clauselisting" ON "rapidlease$clauselisting_clauseimpact" ("rapidlease$clauseimpactid" ASC,"rapidlease$clauselistingid" ASC);
INSERT INTO "mendixsystem$association" ("id", 
"association_name", 
"table_name", 
"parent_entity_id", 
"child_entity_id", 
"parent_column_name", 
"child_column_name", 
"index_name")
 VALUES ('8a326e87-422c-4ddc-a412-b29f43fe2d5d', 
'RapidLease.ClauseListing_ClauseImpact', 
'rapidlease$clauselisting_clauseimpact', 
'9a367a56-cc70-4b5d-85f7-f6c8ecd3421f', 
'23435d67-8619-41ac-8289-94c638cdb589', 
'rapidlease$clauselistingid', 
'rapidlease$clauseimpactid', 
'idx_rapidlease$clauselisting_clauseimpact_rapidlease$clauseimpact_rapidlease$clauselisting');
INSERT INTO "mendixsystem$unique_constraint" ("name", 
"table_id", 
"column_id")
 VALUES ('uniq_rapidlease$clauselisting_clauseimpact_rapidlease$clauselistingid', 
'8a326e87-422c-4ddc-a412-b29f43fe2d5d', 
'7f3dd107-3de9-3b20-87dc-93690c22b620');
CREATE TABLE "rapidlease$clauselisting_clausetype" (
	"rapidlease$clauselistingid" BIGINT NOT NULL,
	"rapidlease$clausetypeid" BIGINT NOT NULL,
	PRIMARY KEY("rapidlease$clauselistingid","rapidlease$clausetypeid"),
	CONSTRAINT "uniq_rapidlease$clauselisting_clausetype_rapidlease$clauselistingid" UNIQUE ("rapidlease$clauselistingid"));
CREATE INDEX "idx_rapidlease$clauselisting_clausetype_rapidlease$clausetype_rapidlease$clauselisting" ON "rapidlease$clauselisting_clausetype" ("rapidlease$clausetypeid" ASC,"rapidlease$clauselistingid" ASC);
INSERT INTO "mendixsystem$association" ("id", 
"association_name", 
"table_name", 
"parent_entity_id", 
"child_entity_id", 
"parent_column_name", 
"child_column_name", 
"index_name")
 VALUES ('322e1b22-acbc-425c-a8d3-4f07198444fe', 
'RapidLease.ClauseListing_ClauseType', 
'rapidlease$clauselisting_clausetype', 
'9a367a56-cc70-4b5d-85f7-f6c8ecd3421f', 
'e0ef7b82-9720-4441-8ad0-9ff42343a692', 
'rapidlease$clauselistingid', 
'rapidlease$clausetypeid', 
'idx_rapidlease$clauselisting_clausetype_rapidlease$clausetype_rapidlease$clauselisting');
INSERT INTO "mendixsystem$unique_constraint" ("name", 
"table_id", 
"column_id")
 VALUES ('uniq_rapidlease$clauselisting_clausetype_rapidlease$clauselistingid', 
'322e1b22-acbc-425c-a8d3-4f07198444fe', 
'd81ecc0a-044a-38fb-aba2-beaa187fcdb8');
CREATE TABLE "rapidlease$clauselisting_clausetemplate" (
	"rapidlease$clauselistingid" BIGINT NOT NULL,
	"rapidlease$clausetemplateid" BIGINT NOT NULL,
	PRIMARY KEY("rapidlease$clauselistingid","rapidlease$clausetemplateid"),
	CONSTRAINT "uniq_rapidlease$clauselisting_clausetemplate_rapidlease$clauselistingid" UNIQUE ("rapidlease$clauselistingid"));
CREATE INDEX "idx_rapidlease$clauselisting_clausetemplate_rapidlease$clausetemplate_rapidlease$clauselisting" ON "rapidlease$clauselisting_clausetemplate" ("rapidlease$clausetemplateid" ASC,"rapidlease$clauselistingid" ASC);
INSERT INTO "mendixsystem$association" ("id", 
"association_name", 
"table_name", 
"parent_entity_id", 
"child_entity_id", 
"parent_column_name", 
"child_column_name", 
"index_name")
 VALUES ('dc6b5356-d2bb-4919-ad1c-5685ee20edbe', 
'RapidLease.ClauseListing_ClauseTemplate', 
'rapidlease$clauselisting_clausetemplate', 
'9a367a56-cc70-4b5d-85f7-f6c8ecd3421f', 
'4e036dfc-2809-4f59-95d8-81a885495385', 
'rapidlease$clauselistingid', 
'rapidlease$clausetemplateid', 
'idx_rapidlease$clauselisting_clausetemplate_rapidlease$clausetemplate_rapidlease$clauselisting');
INSERT INTO "mendixsystem$unique_constraint" ("name", 
"table_id", 
"column_id")
 VALUES ('uniq_rapidlease$clauselisting_clausetemplate_rapidlease$clauselistingid', 
'dc6b5356-d2bb-4919-ad1c-5685ee20edbe', 
'910594fe-e79f-336c-a546-447ff0ac441e');
CREATE TABLE "rapidcommunication$from" (
	"rapidcommunication$messagesid" BIGINT NOT NULL,
	"administration$accountid" BIGINT NOT NULL,
	PRIMARY KEY("rapidcommunication$messagesid","administration$accountid"),
	CONSTRAINT "uniq_rapidcommunication$from_rapidcommunication$messagesid" UNIQUE ("rapidcommunication$messagesid"));
CREATE INDEX "idx_rapidcommunication$from_administration$account_rapidcommunication$messages" ON "rapidcommunication$from" ("administration$accountid" ASC,"rapidcommunication$messagesid" ASC);
INSERT INTO "mendixsystem$association" ("id", 
"association_name", 
"table_name", 
"parent_entity_id", 
"child_entity_id", 
"parent_column_name", 
"child_column_name", 
"index_name")
 VALUES ('4f3536a6-ff6a-4e1c-9f7f-5eccc925a119', 
'RapidCommunication.From', 
'rapidcommunication$from', 
'0af46ff7-fd3f-408c-b3de-8664095af222', 
'3078a23e-13b2-4a9b-84e4-2881fdee53c6', 
'rapidcommunication$messagesid', 
'administration$accountid', 
'idx_rapidcommunication$from_administration$account_rapidcommunication$messages');
INSERT INTO "mendixsystem$unique_constraint" ("name", 
"table_id", 
"column_id")
 VALUES ('uniq_rapidcommunication$from_rapidcommunication$messagesid', 
'4f3536a6-ff6a-4e1c-9f7f-5eccc925a119', 
'f634614e-af4c-35cd-bcff-08ebf23e1717');
CREATE TABLE "rapidcommunication$to" (
	"rapidcommunication$messagesid" BIGINT NOT NULL,
	"administration$accountid" BIGINT NOT NULL,
	PRIMARY KEY("rapidcommunication$messagesid","administration$accountid"));
CREATE INDEX "idx_rapidcommunication$to_administration$account_rapidcommunication$messages" ON "rapidcommunication$to" ("administration$accountid" ASC,"rapidcommunication$messagesid" ASC);
INSERT INTO "mendixsystem$association" ("id", 
"association_name", 
"table_name", 
"parent_entity_id", 
"child_entity_id", 
"parent_column_name", 
"child_column_name", 
"index_name")
 VALUES ('20f64282-8148-4b27-b269-ed6bf998270e', 
'RapidCommunication.To', 
'rapidcommunication$to', 
'0af46ff7-fd3f-408c-b3de-8664095af222', 
'3078a23e-13b2-4a9b-84e4-2881fdee53c6', 
'rapidcommunication$messagesid', 
'administration$accountid', 
'idx_rapidcommunication$to_administration$account_rapidcommunication$messages');
CREATE TABLE "rapidlease$clauseimpact" (
	"id" BIGINT NOT NULL,
	"changeddate" TIMESTAMP NULL,
	"clauseimpact" VARCHAR_IGNORECASE(200) NULL,
	"createddate" TIMESTAMP NULL,
	PRIMARY KEY("id"));
INSERT INTO "mendixsystem$entity" ("id", 
"entity_name", 
"table_name", 
"remote", 
"remote_primary_key")
 VALUES ('23435d67-8619-41ac-8289-94c638cdb589', 
'RapidLease.ClauseImpact', 
'rapidlease$clauseimpact', 
false, 
false);
INSERT INTO "mendixsystem$attribute" ("id", 
"entity_id", 
"attribute_name", 
"column_name", 
"type", 
"length", 
"default_value", 
"is_auto_number")
 VALUES ('6c6a4cf3-274a-314b-a5a0-8543d1566809', 
'23435d67-8619-41ac-8289-94c638cdb589', 
'changedDate', 
'changeddate', 
20, 
0, 
'', 
false);
INSERT INTO "mendixsystem$attribute" ("id", 
"entity_id", 
"attribute_name", 
"column_name", 
"type", 
"length", 
"default_value", 
"is_auto_number")
 VALUES ('41f8507e-f716-414f-948e-0138ab1e6ae0', 
'23435d67-8619-41ac-8289-94c638cdb589', 
'ClauseImpact', 
'clauseimpact', 
30, 
200, 
'', 
false);
INSERT INTO "mendixsystem$attribute" ("id", 
"entity_id", 
"attribute_name", 
"column_name", 
"type", 
"length", 
"default_value", 
"is_auto_number")
 VALUES ('323803f6-9a2b-31e0-b3f8-22f002195481', 
'23435d67-8619-41ac-8289-94c638cdb589', 
'createdDate', 
'createddate', 
20, 
0, 
'', 
false);
CREATE TABLE "financials$attachments" (
	"id" BIGINT NOT NULL,
	PRIMARY KEY("id"));
INSERT INTO "mendixsystem$entity" ("id", 
"entity_name", 
"table_name", 
"superentity_id", 
"remote", 
"remote_primary_key")
 VALUES ('cab68d22-9932-4de5-9049-8f27ae569288', 
'Financials.Attachments', 
'financials$attachments', 
'170ce49d-f29c-4fac-99a6-b55e8a3aeb39', 
false, 
false);
CREATE TABLE "financials$attachments_generalledger" (
	"financials$attachmentsid" BIGINT NOT NULL,
	"financials$generalledgerid" BIGINT NOT NULL,
	PRIMARY KEY("financials$attachmentsid","financials$generalledgerid"),
	CONSTRAINT "uniq_financials$attachments_generalledger_financials$generalledgerid" UNIQUE ("financials$generalledgerid"),
	CONSTRAINT "uniq_financials$attachments_generalledger_financials$attachmentsid" UNIQUE ("financials$attachmentsid"));
CREATE INDEX "idx_financials$attachments_generalledger_financials$generalledger_financials$attachments" ON "financials$attachments_generalledger" ("financials$generalledgerid" ASC,"financials$attachmentsid" ASC);
INSERT INTO "mendixsystem$association" ("id", 
"association_name", 
"table_name", 
"parent_entity_id", 
"child_entity_id", 
"parent_column_name", 
"child_column_name", 
"index_name")
 VALUES ('15732e51-2b83-46bc-a8f8-3cfac7c83fb5', 
'Financials.Attachments_GeneralLedger', 
'financials$attachments_generalledger', 
'cab68d22-9932-4de5-9049-8f27ae569288', 
'3d31557a-0878-49d5-9c1c-a4f973f7e012', 
'financials$attachmentsid', 
'financials$generalledgerid', 
'idx_financials$attachments_generalledger_financials$generalledger_financials$attachments');
INSERT INTO "mendixsystem$unique_constraint" ("name", 
"table_id", 
"column_id")
 VALUES ('uniq_financials$attachments_generalledger_financials$generalledgerid', 
'15732e51-2b83-46bc-a8f8-3cfac7c83fb5', 
'70686a2d-54e4-3c39-b6e4-6eed0fe8fb67');
INSERT INTO "mendixsystem$unique_constraint" ("name", 
"table_id", 
"column_id")
 VALUES ('uniq_financials$attachments_generalledger_financials$attachmentsid', 
'15732e51-2b83-46bc-a8f8-3cfac7c83fb5', 
'fc6ac8c9-26f7-348d-ab3d-d672c906b574');
CREATE TABLE "assets_and_maintenance$preventiveschedule" (
	"id" BIGINT NOT NULL,
	"isnotificationsent" BOOLEAN NULL,
	"date" TIMESTAMP NULL,
	PRIMARY KEY("id"));
INSERT INTO "mendixsystem$entity" ("id", 
"entity_name", 
"table_name", 
"remote", 
"remote_primary_key")
 VALUES ('1e8b9402-4cab-409b-8d26-7fc2d1dcfaf6', 
'Assets_and_Maintenance.PreventiveSchedule', 
'assets_and_maintenance$preventiveschedule', 
false, 
false);
INSERT INTO "mendixsystem$attribute" ("id", 
"entity_id", 
"attribute_name", 
"column_name", 
"type", 
"length", 
"default_value", 
"is_auto_number")
 VALUES ('5f3bc271-5bb0-4934-a0cc-51a058707c01', 
'1e8b9402-4cab-409b-8d26-7fc2d1dcfaf6', 
'IsNotificationSent', 
'isnotificationsent', 
10, 
0, 
'false', 
false);
INSERT INTO "mendixsystem$attribute" ("id", 
"entity_id", 
"attribute_name", 
"column_name", 
"type", 
"length", 
"default_value", 
"is_auto_number")
 VALUES ('4ad52a48-73bf-4e1b-b2c9-818fd9f68d5b', 
'1e8b9402-4cab-409b-8d26-7fc2d1dcfaf6', 
'Date', 
'date', 
20, 
0, 
'', 
false);
CREATE TABLE "assets_and_maintenance$preventiveschedule_asset" (
	"assets_and_maintenance$preventivescheduleid" BIGINT NOT NULL,
	"assets_and_maintenance$assetid" BIGINT NOT NULL,
	PRIMARY KEY("assets_and_maintenance$preventivescheduleid","assets_and_maintenance$assetid"),
	CONSTRAINT "uniq_assets_and_maintenance$preventiveschedule_asset_assets_and_maintenance$preventivescheduleid" UNIQUE ("assets_and_maintenance$preventivescheduleid"));
CREATE INDEX "idx_assets_and_maintenance$preventiveschedule_asset_assets_and_maintenance$asset_assets_and_maintenance$preventiveschedule" ON "assets_and_maintenance$preventiveschedule_asset" ("assets_and_maintenance$assetid" ASC,"assets_and_maintenance$preventivescheduleid" ASC);
INSERT INTO "mendixsystem$association" ("id", 
"association_name", 
"table_name", 
"parent_entity_id", 
"child_entity_id", 
"parent_column_name", 
"child_column_name", 
"index_name")
 VALUES ('55650ceb-79a4-4078-b19e-e4f670492a69', 
'Assets_and_Maintenance.PreventiveSchedule_Asset', 
'assets_and_maintenance$preventiveschedule_asset', 
'1e8b9402-4cab-409b-8d26-7fc2d1dcfaf6', 
'fafb5819-5604-4f08-b1d9-e576a1be1523', 
'assets_and_maintenance$preventivescheduleid', 
'assets_and_maintenance$assetid', 
'idx_assets_and_maintenance$preventiveschedule_asset_assets_and_maintenance$asset_assets_and_maintenance$preventiveschedule');
INSERT INTO "mendixsystem$unique_constraint" ("name", 
"table_id", 
"column_id")
 VALUES ('uniq_assets_and_maintenance$preventiveschedule_asset_assets_and_maintenance$preventivescheduleid', 
'55650ceb-79a4-4078-b19e-e4f670492a69', 
'e5ec64d4-5a5c-3c56-9909-2018b6473707');
CREATE TABLE "rapidlease$task_quotations" (
	"rapidlease$taskid" BIGINT NOT NULL,
	"assets_and_maintenance$quotationsid" BIGINT NOT NULL,
	PRIMARY KEY("rapidlease$taskid","assets_and_maintenance$quotationsid"));
CREATE INDEX "idx_rapidlease$task_quotations_assets_and_maintenance$quotations_rapidlease$task" ON "rapidlease$task_quotations" ("assets_and_maintenance$quotationsid" ASC,"rapidlease$taskid" ASC);
INSERT INTO "mendixsystem$association" ("id", 
"association_name", 
"table_name", 
"parent_entity_id", 
"child_entity_id", 
"parent_column_name", 
"child_column_name", 
"index_name")
 VALUES ('7a1b8aa1-59e3-4940-9045-97a3aff1efee', 
'RapidLease.Task_Quotations', 
'rapidlease$task_quotations', 
'c58e02b6-620e-4b80-b55c-a7e0fd72f0b8', 
'eca680ff-8c87-49d1-958a-650b8f7d2c71', 
'rapidlease$taskid', 
'assets_and_maintenance$quotationsid', 
'idx_rapidlease$task_quotations_assets_and_maintenance$quotations_rapidlease$task');
CREATE TABLE "rapidlease$clausetype" (
	"id" BIGINT NOT NULL,
	"clausetypename" VARCHAR_IGNORECASE(200) NULL,
	PRIMARY KEY("id"));
INSERT INTO "mendixsystem$entity" ("id", 
"entity_name", 
"table_name", 
"remote", 
"remote_primary_key")
 VALUES ('e0ef7b82-9720-4441-8ad0-9ff42343a692', 
'RapidLease.ClauseType', 
'rapidlease$clausetype', 
false, 
false);
INSERT INTO "mendixsystem$attribute" ("id", 
"entity_id", 
"attribute_name", 
"column_name", 
"type", 
"length", 
"default_value", 
"is_auto_number")
 VALUES ('8d74cfbf-bfb5-4cc4-8898-c2f462c96bbb', 
'e0ef7b82-9720-4441-8ad0-9ff42343a692', 
'ClauseTypeName', 
'clausetypename', 
30, 
200, 
'', 
false);
DROP TABLE "7dc1fc01720b4212b8b9c53dfc3a491e";
UPDATE "mendixsystem$version"
 SET "versionnumber" = '4.2', 
"lastsyncdate" = '20211118 12:14:45';
